N_PROF,N_LEVELS,PRES,TEMP,PSAL,LATITUDE,LONGITUDE
0,0,0.3,29.635,34.337,8.983333333333333,68.0
0,1,1.1,29.479,34.409,8.983333333333333,68.0
0,2,1.9,29.441,34.431,8.983333333333333,68.0
0,3,2.9,29.433,34.431,8.983333333333333,68.0
0,4,3.8,29.427,34.432,8.983333333333333,68.0
0,5,4.8,29.413,34.441,8.983333333333333,68.0
0,6,5.9,29.412,34.441,8.983333333333333,68.0
0,7,6.9,29.406,34.441,8.983333333333333,68.0
0,8,8.0,29.404,34.441,8.983333333333333,68.0
0,9,8.8,29.403,34.441,8.983333333333333,68.0
0,10,9.9,29.402,34.441,8.983333333333333,68.0
0,11,15.6,29.409,34.455,8.983333333333333,68.0
0,12,25.1,29.079,34.917,8.983333333333333,68.0
0,13,35.4,28.671,35.171,8.983333333333333,68.0
0,14,45.5,28.544,35.392,8.983333333333333,68.0
0,15,55.6,28.483,35.46,8.983333333333333,68.0
0,16,65.7,27.989,35.409,8.983333333333333,68.0
0,17,75.6,27.002,35.36,8.983333333333333,68.0
0,18,84.7,26.569,35.708,8.983333333333333,68.0
0,19,95.4,23.897,35.315,8.983333333333333,68.0
0,20,105.6,22.932,35.361,8.983333333333333,68.0
0,21,115.7,22.141,35.41,8.983333333333333,68.0
0,22,125.5,21.092,35.332,8.983333333333333,68.0
0,23,135.2,20.87,35.499,8.983333333333333,68.0
0,24,144.9,20.09,35.465,8.983333333333333,68.0
0,25,154.9,18.976,35.419,8.983333333333333,68.0
0,26,165.1,18.612,35.425,8.983333333333333,68.0
0,27,175.8,17.818,35.398,8.983333333333333,68.0
0,28,185.3,16.684,35.315,8.983333333333333,68.0
0,29,195.3,15.914,35.264,8.983333333333333,68.0
0,30,212.9,15.046,35.17,8.983333333333333,68.0
0,31,238.1,14.341,35.159,8.983333333333333,68.0
0,32,262.5,13.863,35.165,8.983333333333333,68.0
0,33,288.0,13.527,35.182,8.983333333333333,68.0
0,34,313.3,13.158,35.195,8.983333333333333,68.0
0,35,338.8,12.829,35.21,8.983333333333333,68.0
0,36,362.4,12.534,35.206,8.983333333333333,68.0
0,37,387.4,12.409,35.243,8.983333333333333,68.0
0,38,412.9,12.152,35.245,8.983333333333333,68.0
0,39,438.2,11.859,35.236,8.983333333333333,68.0
0,40,462.9,11.633,35.242,8.983333333333333,68.0
0,41,487.8,11.528,35.257,8.983333333333333,68.0
0,42,512.9,11.453,35.263,8.983333333333333,68.0
0,43,538.1,11.333,35.269,8.983333333333333,68.0
0,44,563.0,11.218,35.277,8.983333333333333,68.0
0,45,588.5,11.018,35.278,8.983333333333333,68.0
0,46,612.8,10.871,35.283,8.983333333333333,68.0
0,47,638.1,10.64,35.258,8.983333333333333,68.0
0,48,663.1,10.417,35.239,8.983333333333333,68.0
0,49,688.1,10.28,35.249,8.983333333333333,68.0
0,50,712.9,10.275,35.286,8.983333333333333,68.0
0,51,737.9,10.071,35.272,8.983333333333333,68.0
0,52,763.0,9.956,35.278,8.983333333333333,68.0
0,53,788.0,9.868,35.289,8.983333333333333,68.0
0,54,812.7,9.668,35.277,8.983333333333333,68.0
0,55,837.8,9.514,35.275,8.983333333333333,68.0
0,56,863.7,9.315,35.277,8.983333333333333,68.0
0,57,888.0,9.141,35.271,8.983333333333333,68.0
0,58,913.0,8.915,35.26,8.983333333333333,68.0
0,59,937.8,8.669,35.24,8.983333333333333,68.0
0,60,962.6,8.423,35.216,8.983333333333333,68.0
0,61,987.6,8.332,35.214,8.983333333333333,68.0
0,62,1012.6,8.172,35.201,8.983333333333333,68.0
0,63,1037.9,8.002,35.183,8.983333333333333,68.0
0,64,1062.8,7.815,35.163,8.983333333333333,68.0
0,65,1087.8,7.61,35.141,8.983333333333333,68.0
0,66,1112.9,7.387,35.122,8.983333333333333,68.0
0,67,1138.0,7.134,35.099,8.983333333333333,68.0
0,68,1163.0,6.898,35.074,8.983333333333333,68.0
0,69,1188.0,6.711,35.054,8.983333333333333,68.0
0,70,1212.9,6.554,35.041,8.983333333333333,68.0
0,71,1238.1,6.397,35.03,8.983333333333333,68.0
0,72,1263.4,6.117,34.994,8.983333333333333,68.0
0,73,1288.0,5.97,34.982,8.983333333333333,68.0
0,74,1313.0,5.827,34.975,8.983333333333333,68.0
0,75,1338.2,5.676,34.962,8.983333333333333,68.0
0,76,1363.3,5.498,34.951,8.983333333333333,68.0
0,77,1387.8,5.318,34.944,8.983333333333333,68.0
0,78,1412.8,5.148,34.933,8.983333333333333,68.0
0,79,1437.9,4.996,34.923,8.983333333333333,68.0
0,80,1463.0,4.827,34.91,8.983333333333333,68.0
0,81,1488.1,4.705,34.902,8.983333333333333,68.0
0,82,1513.2,4.591,34.895,8.983333333333333,68.0
0,83,1538.1,4.456,34.887,8.983333333333333,68.0
0,84,1562.8,4.306,34.878,8.983333333333333,68.0
0,85,1588.9,4.16,34.869,8.983333333333333,68.0
0,86,1613.1,4.06,34.863,8.983333333333333,68.0
0,87,1638.0,3.938,34.855,8.983333333333333,68.0
0,88,1663.1,3.821,34.847,8.983333333333333,68.0
0,89,1688.0,3.732,34.841,8.983333333333333,68.0
0,90,1712.5,3.643,34.835,8.983333333333333,68.0
0,91,1737.6,3.554,34.828,8.983333333333333,68.0
0,92,1762.8,3.476,34.823,8.983333333333333,68.0
0,93,1787.9,3.408,34.819,8.983333333333333,68.0
0,94,1813.0,3.327,34.815,8.983333333333333,68.0
0,95,1837.8,3.266,34.812,8.983333333333333,68.0
0,96,1862.6,3.197,34.807,8.983333333333333,68.0
0,97,1887.8,3.141,34.806,8.983333333333333,68.0
0,98,1912.7,3.07,34.802,8.983333333333333,68.0
0,99,1938.4,2.977,34.796,8.983333333333333,68.0
0,100,1962.7,2.913,34.793,8.983333333333333,68.0
0,101,1983.8,2.859,34.789,8.983333333333333,68.0
1,0,0.2,29.853,34.28,8.933333333333334,68.01666666666667
1,1,1.0,29.851,34.284,8.933333333333334,68.01666666666667
1,2,2.1,29.863,34.277,8.933333333333334,68.01666666666667
1,3,2.9,29.863,34.277,8.933333333333334,68.01666666666667
1,4,3.8,29.864,34.277,8.933333333333334,68.01666666666667
1,5,4.7,29.864,34.278,8.933333333333334,68.01666666666667
1,6,5.6,29.863,34.279,8.933333333333334,68.01666666666667
1,7,6.6,29.862,34.278,8.933333333333334,68.01666666666667
1,8,7.9,29.863,34.278,8.933333333333334,68.01666666666667
1,9,9.4,29.864,34.278,8.933333333333334,68.01666666666667
1,10,10.4,29.864,34.278,8.933333333333334,68.01666666666667
1,11,15.6,29.863,34.277,8.933333333333334,68.01666666666667
1,12,25.9,29.726,34.355,8.933333333333334,68.01666666666667
1,13,34.9,29.475,34.721,8.933333333333334,68.01666666666667
1,14,45.1,29.116,35.12,8.933333333333334,68.01666666666667
1,15,55.6,28.703,35.24,8.933333333333334,68.01666666666667
1,16,65.2,28.367,35.304,8.933333333333334,68.01666666666667
1,17,75.2,27.86,35.279,8.933333333333334,68.01666666666667
1,18,85.1,27.334,35.387,8.933333333333334,68.01666666666667
1,19,95.2,26.633,35.566,8.933333333333334,68.01666666666667
1,20,105.5,25.561,35.531,8.933333333333334,68.01666666666667
1,21,115.3,24.115,35.449,8.933333333333334,68.01666666666667
1,22,125.4,22.576,35.306,8.933333333333334,68.01666666666667
1,23,135.2,22.216,35.464,8.933333333333334,68.01666666666667
1,24,145.1,21.444,35.36,8.933333333333334,68.01666666666667
1,25,155.1,20.871,35.36,8.933333333333334,68.01666666666667
1,26,165.4,20.612,35.514,8.933333333333334,68.01666666666667
1,27,175.7,19.845,35.495,8.933333333333334,68.01666666666667
1,28,185.8,18.504,35.29,8.933333333333334,68.01666666666667
1,29,195.4,17.926,35.395,8.933333333333334,68.01666666666667
1,30,212.8,16.33,35.236,8.933333333333334,68.01666666666667
1,31,237.4,14.961,35.172,8.933333333333334,68.01666666666667
1,32,263.1,14.176,35.183,8.933333333333334,68.01666666666667
1,33,287.8,13.62,35.18,8.933333333333334,68.01666666666667
1,34,312.6,13.301,35.223,8.933333333333334,68.01666666666667
1,35,338.6,12.856,35.203,8.933333333333334,68.01666666666667
1,36,362.4,12.599,35.223,8.933333333333334,68.01666666666667
1,37,387.8,12.363,35.223,8.933333333333334,68.01666666666667
1,38,413.0,12.172,35.24,8.933333333333334,68.01666666666667
1,39,438.0,11.909,35.234,8.933333333333334,68.01666666666667
1,40,462.7,11.688,35.236,8.933333333333334,68.01666666666667
1,41,488.1,11.589,35.247,8.933333333333334,68.01666666666667
1,42,512.9,11.449,35.258,8.933333333333334,68.01666666666667
1,43,537.4,11.284,35.265,8.933333333333334,68.01666666666667
1,44,562.5,11.175,35.275,8.933333333333334,68.01666666666667
1,45,588.0,11.047,35.283,8.933333333333334,68.01666666666667
1,46,612.9,10.928,35.292,8.933333333333334,68.01666666666667
1,47,637.7,10.678,35.274,8.933333333333334,68.01666666666667
1,48,663.7,10.385,35.244,8.933333333333334,68.01666666666667
1,49,687.7,10.288,35.252,8.933333333333334,68.01666666666667
1,50,712.6,10.217,35.271,8.933333333333334,68.01666666666667
1,51,737.6,10.111,35.272,8.933333333333334,68.01666666666667
1,52,762.9,10.071,35.294,8.933333333333334,68.01666666666667
1,53,788.1,9.885,35.283,8.933333333333334,68.01666666666667
1,54,813.0,9.702,35.279,8.933333333333334,68.01666666666667
1,55,837.8,9.539,35.276,8.933333333333334,68.01666666666667
1,56,862.9,9.294,35.265,8.933333333333334,68.01666666666667
1,57,888.0,9.154,35.271,8.933333333333334,68.01666666666667
1,58,913.4,9.043,35.266,8.933333333333334,68.01666666666667
1,59,937.9,8.868,35.258,8.933333333333334,68.01666666666667
1,60,962.9,8.692,35.249,8.933333333333334,68.01666666666667
1,61,988.0,8.441,35.225,8.933333333333334,68.01666666666667
1,62,1013.1,8.222,35.208,8.933333333333334,68.01666666666667
1,63,1037.8,8.024,35.187,8.933333333333334,68.01666666666667
1,64,1062.7,7.79,35.16,8.933333333333334,68.01666666666667
1,65,1088.1,7.557,35.135,8.933333333333334,68.01666666666667
1,66,1112.8,7.39,35.12,8.933333333333334,68.01666666666667
1,67,1137.6,7.18,35.097,8.933333333333334,68.01666666666667
1,68,1162.9,6.999,35.081,8.933333333333334,68.01666666666667
1,69,1188.1,6.787,35.059,8.933333333333334,68.01666666666667
1,70,1213.3,6.568,35.039,8.933333333333334,68.01666666666667
1,71,1237.9,6.375,35.02,8.933333333333334,68.01666666666667
1,72,1262.9,6.175,35.004,8.933333333333334,68.01666666666667
1,73,1287.8,6.005,34.994,8.933333333333334,68.01666666666667
1,74,1313.3,5.762,34.971,8.933333333333334,68.01666666666667
1,75,1337.8,5.564,34.955,8.933333333333334,68.01666666666667
1,76,1362.7,5.389,34.945,8.933333333333334,68.01666666666667
1,77,1388.2,5.256,34.939,8.933333333333334,68.01666666666667
1,78,1413.2,5.128,34.931,8.933333333333334,68.01666666666667
1,79,1437.8,4.999,34.923,8.933333333333334,68.01666666666667
1,80,1462.8,4.85,34.913,8.933333333333334,68.01666666666667
1,81,1488.2,4.706,34.903,8.933333333333334,68.01666666666667
1,82,1513.2,4.611,34.898,8.933333333333334,68.01666666666667
1,83,1538.2,4.486,34.89,8.933333333333334,68.01666666666667
1,84,1563.3,4.337,34.88,8.933333333333334,68.01666666666667
1,85,1588.0,4.225,34.874,8.933333333333334,68.01666666666667
1,86,1613.1,4.121,34.868,8.933333333333334,68.01666666666667
1,87,1638.0,4.019,34.862,8.933333333333334,68.01666666666667
1,88,1663.3,3.906,34.854,8.933333333333334,68.01666666666667
1,89,1687.5,3.816,34.848,8.933333333333334,68.01666666666667
1,90,1712.5,3.7,34.839,8.933333333333334,68.01666666666667
1,91,1737.6,3.598,34.832,8.933333333333334,68.01666666666667
1,92,1762.8,3.499,34.826,8.933333333333334,68.01666666666667
1,93,1788.0,3.403,34.822,8.933333333333334,68.01666666666667
1,94,1812.9,3.31,34.818,8.933333333333334,68.01666666666667
1,95,1838.3,3.231,34.813,8.933333333333334,68.01666666666667
1,96,1863.1,3.161,34.808,8.933333333333334,68.01666666666667
1,97,1887.7,3.091,34.804,8.933333333333334,68.01666666666667
1,98,1913.1,3.01,34.799,8.933333333333334,68.01666666666667
1,99,1938.0,2.944,34.795,8.933333333333334,68.01666666666667
1,100,1962.9,2.872,34.79,8.933333333333334,68.01666666666667
1,101,1987.9,2.813,34.787,8.933333333333334,68.01666666666667
1,102,2013.8,2.75,34.783,8.933333333333334,68.01666666666667
1,103,2025.8,2.728,34.785,8.933333333333334,68.01666666666667
2,0,0.1,30.04,34.436,8.8,68.11666666666666
2,1,0.8,30.056,34.425,8.8,68.11666666666666
2,2,2.1,30.056,34.423,8.8,68.11666666666666
2,3,3.0,30.055,34.424,8.8,68.11666666666666
2,4,3.9,30.052,34.425,8.8,68.11666666666666
2,5,5.1,30.05,34.427,8.8,68.11666666666666
2,6,6.2,30.055,34.429,8.8,68.11666666666666
2,7,6.9,30.056,34.429,8.8,68.11666666666666
2,8,7.7,30.061,34.428,8.8,68.11666666666666
2,9,8.9,30.062,34.426,8.8,68.11666666666666
2,10,10.1,30.063,34.427,8.8,68.11666666666666
2,11,15.4,30.064,34.427,8.8,68.11666666666666
2,12,26.3,30.022,34.419,8.8,68.11666666666666
2,13,35.3,29.74,34.862,8.8,68.11666666666666
2,14,45.6,29.432,35.13,8.8,68.11666666666666
2,15,56.0,29.013,35.187,8.8,68.11666666666666
2,16,65.1,28.739,35.328,8.8,68.11666666666666
2,17,75.2,28.336,35.384,8.8,68.11666666666666
2,18,85.1,27.38,35.341,8.8,68.11666666666666
2,19,95.4,26.535,35.559,8.8,68.11666666666666
2,20,105.6,24.505,35.378,8.8,68.11666666666666
2,21,114.8,22.565,35.301,8.8,68.11666666666666
2,22,125.1,21.546,35.292,8.8,68.11666666666666
2,23,135.5,21.136,35.372,8.8,68.11666666666666
2,24,145.7,20.402,35.405,8.8,68.11666666666666
2,25,155.7,19.777,35.37,8.8,68.11666666666666
2,26,165.9,18.932,35.322,8.8,68.11666666666666
2,27,175.7,18.164,35.278,8.8,68.11666666666666
2,28,185.3,17.41,35.215,8.8,68.11666666666666
2,29,195.5,16.544,35.154,8.8,68.11666666666666
2,30,212.3,15.508,35.168,8.8,68.11666666666666
2,31,237.9,14.752,35.172,8.8,68.11666666666666
2,32,262.6,14.192,35.216,8.8,68.11666666666666
2,33,287.4,13.585,35.202,8.8,68.11666666666666
2,34,312.5,13.289,35.193,8.8,68.11666666666666
2,35,337.5,13.129,35.215,8.8,68.11666666666666
2,36,362.5,12.8,35.221,8.8,68.11666666666666
2,37,388.4,12.576,35.249,8.8,68.11666666666666
2,38,413.0,12.214,35.246,8.8,68.11666666666666
2,39,437.6,11.842,35.235,8.8,68.11666666666666
2,40,462.7,11.618,35.24,8.8,68.11666666666666
2,41,488.0,11.468,35.244,8.8,68.11666666666666
2,42,513.1,11.346,35.257,8.8,68.11666666666666
2,43,538.0,11.222,35.27,8.8,68.11666666666666
2,44,563.1,11.085,35.275,8.8,68.11666666666666
2,45,588.0,10.984,35.288,8.8,68.11666666666666
2,46,613.0,10.772,35.277,8.8,68.11666666666666
2,47,637.8,10.542,35.267,8.8,68.11666666666666
2,48,662.4,10.433,35.282,8.8,68.11666666666666
2,49,687.9,10.294,35.283,8.8,68.11666666666666
2,50,713.3,10.193,35.288,8.8,68.11666666666666
2,51,737.8,10.127,35.309,8.8,68.11666666666666
2,52,762.6,9.938,35.296,8.8,68.11666666666666
2,53,787.7,9.742,35.277,8.8,68.11666666666666
2,54,812.8,9.613,35.268,8.8,68.11666666666666
2,55,838.0,9.464,35.262,8.8,68.11666666666666
2,56,863.0,9.375,35.277,8.8,68.11666666666666
2,57,888.2,9.188,35.272,8.8,68.11666666666666
2,58,913.1,9.051,35.272,8.8,68.11666666666666
2,59,938.6,8.804,35.259,8.8,68.11666666666666
2,60,962.8,8.582,35.239,8.8,68.11666666666666
2,61,987.4,8.377,35.217,8.8,68.11666666666666
2,62,1012.4,8.184,35.202,8.8,68.11666666666666
2,63,1037.7,8.013,35.186,8.8,68.11666666666666
2,64,1062.9,7.821,35.165,8.8,68.11666666666666
2,65,1088.1,7.591,35.143,8.8,68.11666666666666
2,66,1113.0,7.341,35.113,8.8,68.11666666666666
2,67,1137.7,7.092,35.086,8.8,68.11666666666666
2,68,1162.5,6.872,35.065,8.8,68.11666666666666
2,69,1187.6,6.704,35.054,8.8,68.11666666666666
2,70,1213.4,6.485,35.032,8.8,68.11666666666666
2,71,1237.8,6.346,35.02,8.8,68.11666666666666
2,72,1262.6,6.227,35.01,8.8,68.11666666666666
2,73,1287.9,6.036,34.991,8.8,68.11666666666666
2,74,1313.1,5.91,34.984,8.8,68.11666666666666
2,75,1337.8,5.79,34.977,8.8,68.11666666666666
2,76,1362.9,5.593,34.96,8.8,68.11666666666666
2,77,1388.3,5.412,34.948,8.8,68.11666666666666
2,78,1412.9,5.263,34.94,8.8,68.11666666666666
2,79,1437.7,5.116,34.933,8.8,68.11666666666666
2,80,1463.1,4.953,34.922,8.8,68.11666666666666
2,81,1488.1,4.82,34.916,8.8,68.11666666666666
2,82,1513.7,4.713,34.912,8.8,68.11666666666666
2,83,1537.8,4.607,34.904,8.8,68.11666666666666
2,84,1562.8,4.456,34.891,8.8,68.11666666666666
2,85,1587.8,4.306,34.883,8.8,68.11666666666666
2,86,1612.8,4.21,34.877,8.8,68.11666666666666
2,87,1637.9,4.118,34.872,8.8,68.11666666666666
2,88,1662.7,4.025,34.866,8.8,68.11666666666666
2,89,1687.8,3.891,34.858,8.8,68.11666666666666
2,90,1713.0,3.804,34.852,8.8,68.11666666666666
2,91,1737.8,3.727,34.847,8.8,68.11666666666666
2,92,1762.9,3.642,34.841,8.8,68.11666666666666
2,93,1788.3,3.531,34.832,8.8,68.11666666666666
2,94,1813.1,3.447,34.827,8.8,68.11666666666666
2,95,1837.7,3.37,34.821,8.8,68.11666666666666
2,96,1862.6,3.284,34.817,8.8,68.11666666666666
2,97,1887.7,3.194,34.811,8.8,68.11666666666666
2,98,1912.8,3.118,34.807,8.8,68.11666666666666
2,99,1937.8,3.042,34.801,8.8,68.11666666666666
2,100,1962.8,2.971,34.796,8.8,68.11666666666666
2,101,1988.0,2.915,34.793,8.8,68.11666666666666
2,102,2013.6,2.85,34.789,8.8,68.11666666666666
2,103,2030.0,2.821,34.788,8.8,68.11666666666666
3,0,0.3,30.688,33.972,8.716666666666667,68.26666666666667
3,1,0.9,30.692,33.972,8.716666666666667,68.26666666666667
3,2,2.2,30.692,33.971,8.716666666666667,68.26666666666667
3,3,3.1,30.691,33.972,8.716666666666667,68.26666666666667
3,4,3.9,30.693,33.973,8.716666666666667,68.26666666666667
3,5,4.8,30.694,33.974,8.716666666666667,68.26666666666667
3,6,5.7,30.697,33.975,8.716666666666667,68.26666666666667
3,7,6.9,30.694,33.974,8.716666666666667,68.26666666666667
3,8,8.3,30.696,33.974,8.716666666666667,68.26666666666667
3,9,9.2,30.692,33.976,8.716666666666667,68.26666666666667
3,10,10.2,30.687,33.979,8.716666666666667,68.26666666666667
3,11,15.2,30.39,34.016,8.716666666666667,68.26666666666667
3,12,25.4,29.159,34.184,8.716666666666667,68.26666666666667
3,13,35.4,28.874,34.267,8.716666666666667,68.26666666666667
3,14,45.6,28.526,34.384,8.716666666666667,68.26666666666667
3,15,55.3,28.336,34.439,8.716666666666667,68.26666666666667
3,16,65.2,28.276,34.509,8.716666666666667,68.26666666666667
3,17,75.0,28.2,34.624,8.716666666666667,68.26666666666667
3,18,85.3,28.187,34.706,8.716666666666667,68.26666666666667
3,19,95.8,28.235,34.831,8.716666666666667,68.26666666666667
3,20,105.8,28.307,35.068,8.716666666666667,68.26666666666667
3,21,115.8,28.139,35.588,8.716666666666667,68.26666666666667
3,22,125.5,26.851,35.828,8.716666666666667,68.26666666666667
3,23,134.8,25.206,35.782,8.716666666666667,68.26666666666667
3,24,145.8,22.389,35.507,8.716666666666667,68.26666666666667
3,25,155.8,21.417,35.547,8.716666666666667,68.26666666666667
3,26,165.1,19.543,35.373,8.716666666666667,68.26666666666667
3,27,175.1,18.68,35.354,8.716666666666667,68.26666666666667
3,28,185.7,17.993,35.324,8.716666666666667,68.26666666666667
3,29,195.5,17.31,35.308,8.716666666666667,68.26666666666667
3,30,213.0,16.395,35.298,8.716666666666667,68.26666666666667
3,31,238.1,15.249,35.259,8.716666666666667,68.26666666666667
3,32,262.8,14.319,35.259,8.716666666666667,68.26666666666667
3,33,288.3,13.875,35.281,8.716666666666667,68.26666666666667
3,34,313.7,13.286,35.279,8.716666666666667,68.26666666666667
3,35,337.8,12.821,35.268,8.716666666666667,68.26666666666667
3,36,363.2,12.104,35.163,8.716666666666667,68.26666666666667
3,37,388.1,11.636,35.103,8.716666666666667,68.26666666666667
3,38,413.1,11.437,35.098,8.716666666666667,68.26666666666667
3,39,437.8,11.292,35.121,8.716666666666667,68.26666666666667
3,40,462.4,11.237,35.167,8.716666666666667,68.26666666666667
3,41,487.9,10.91,35.148,8.716666666666667,68.26666666666667
3,42,512.6,10.761,35.153,8.716666666666667,68.26666666666667
3,43,537.9,10.616,35.158,8.716666666666667,68.26666666666667
3,44,563.1,10.516,35.179,8.716666666666667,68.26666666666667
3,45,587.8,10.427,35.202,8.716666666666667,68.26666666666667
3,46,612.6,10.448,35.262,8.716666666666667,68.26666666666667
3,47,637.8,10.572,35.331,8.716666666666667,68.26666666666667
3,48,662.8,10.35,35.315,8.716666666666667,68.26666666666667
3,49,687.8,10.177,35.307,8.716666666666667,68.26666666666667
3,50,713.0,9.919,35.285,8.716666666666667,68.26666666666667
3,51,737.9,9.736,35.272,8.716666666666667,68.26666666666667
3,52,762.8,9.603,35.27,8.716666666666667,68.26666666666667
3,53,787.7,9.433,35.269,8.716666666666667,68.26666666666667
3,54,812.8,9.309,35.276,8.716666666666667,68.26666666666667
3,55,838.2,9.092,35.256,8.716666666666667,68.26666666666667
3,56,862.6,9.04,35.264,8.716666666666667,68.26666666666667
3,57,888.0,8.977,35.27,8.716666666666667,68.26666666666667
3,58,912.8,8.811,35.256,8.716666666666667,68.26666666666667
3,59,937.7,8.612,35.24,8.716666666666667,68.26666666666667
3,60,962.6,8.439,35.228,8.716666666666667,68.26666666666667
3,61,987.8,8.211,35.206,8.716666666666667,68.26666666666667
3,62,1013.1,7.967,35.184,8.716666666666667,68.26666666666667
3,63,1038.2,7.729,35.159,8.716666666666667,68.26666666666667
3,64,1063.1,7.435,35.125,8.716666666666667,68.26666666666667
3,65,1087.9,7.189,35.099,8.716666666666667,68.26666666666667
3,66,1112.8,6.959,35.073,8.716666666666667,68.26666666666667
3,67,1137.9,6.754,35.05,8.716666666666667,68.26666666666667
3,68,1162.8,6.594,35.035,8.716666666666667,68.26666666666667
3,69,1187.9,6.455,35.027,8.716666666666667,68.26666666666667
3,70,1213.4,6.343,35.023,8.716666666666667,68.26666666666667
3,71,1237.9,6.186,35.01,8.716666666666667,68.26666666666667
3,72,1262.7,6.035,34.998,8.716666666666667,68.26666666666667
3,73,1287.9,5.906,34.987,8.716666666666667,68.26666666666667
3,74,1313.1,5.766,34.975,8.716666666666667,68.26666666666667
3,75,1338.3,5.626,34.961,8.716666666666667,68.26666666666667
3,76,1363.3,5.602,34.975,8.716666666666667,68.26666666666667
3,77,1387.8,5.465,34.969,8.716666666666667,68.26666666666667
3,78,1412.5,5.317,34.956,8.716666666666667,68.26666666666667
3,79,1437.8,5.14,34.941,8.716666666666667,68.26666666666667
3,80,1463.0,4.988,34.928,8.716666666666667,68.26666666666667
3,81,1487.9,4.814,34.914,8.716666666666667,68.26666666666667
3,82,1513.6,4.699,34.909,8.716666666666667,68.26666666666667
3,83,1538.0,4.593,34.903,8.716666666666667,68.26666666666667
3,84,1562.7,4.461,34.895,8.716666666666667,68.26666666666667
3,85,1587.5,4.323,34.886,8.716666666666667,68.26666666666667
3,86,1612.8,4.184,34.876,8.716666666666667,68.26666666666667
3,87,1637.7,4.072,34.868,8.716666666666667,68.26666666666667
3,88,1662.8,3.974,34.863,8.716666666666667,68.26666666666667
3,89,1688.3,3.867,34.856,8.716666666666667,68.26666666666667
3,90,1712.9,3.765,34.85,8.716666666666667,68.26666666666667
3,91,1737.6,3.688,34.846,8.716666666666667,68.26666666666667
3,92,1763.0,3.607,34.841,8.716666666666667,68.26666666666667
3,93,1788.2,3.503,34.835,8.716666666666667,68.26666666666667
3,94,1813.0,3.405,34.828,8.716666666666667,68.26666666666667
3,95,1837.7,3.337,34.823,8.716666666666667,68.26666666666667
3,96,1862.8,3.274,34.819,8.716666666666667,68.26666666666667
3,97,1887.9,3.181,34.811,8.716666666666667,68.26666666666667
3,98,1913.0,3.085,34.805,8.716666666666667,68.26666666666667
3,99,1938.8,3.01,34.801,8.716666666666667,68.26666666666667
3,100,1962.7,2.946,34.798,8.716666666666667,68.26666666666667
3,101,1985.4,2.913,34.796,8.716666666666667,68.26666666666667
4,0,0.1,31.018,34.316,8.916666666666666,68.43333333333334
4,1,1.0,30.872,34.311,8.916666666666666,68.43333333333334
4,2,2.2,30.518,34.502,8.916666666666666,68.43333333333334
4,3,3.1,30.439,34.547,8.916666666666666,68.43333333333334
4,4,4.0,30.418,34.559,8.916666666666666,68.43333333333334
4,5,4.9,30.41,34.566,8.916666666666666,68.43333333333334
4,6,5.9,30.403,34.568,8.916666666666666,68.43333333333334
4,7,6.9,30.396,34.57,8.916666666666666,68.43333333333334
4,8,7.8,30.394,34.571,8.916666666666666,68.43333333333334
4,9,8.8,30.387,34.571,8.916666666666666,68.43333333333334
4,10,9.8,30.385,34.573,8.916666666666666,68.43333333333334
4,11,15.3,30.361,34.577,8.916666666666666,68.43333333333334
4,12,25.2,30.307,34.579,8.916666666666666,68.43333333333334
4,13,35.2,30.221,34.686,8.916666666666666,68.43333333333334
4,14,45.4,29.672,34.934,8.916666666666666,68.43333333333334
4,15,55.7,29.157,35.14,8.916666666666666,68.43333333333334
4,16,65.0,28.626,35.326,8.916666666666666,68.43333333333334
4,17,75.6,28.161,35.45,8.916666666666666,68.43333333333334
4,18,85.8,27.51,35.516,8.916666666666666,68.43333333333334
4,19,94.7,26.805,35.806,8.916666666666666,68.43333333333334
4,20,105.1,25.194,35.734,8.916666666666666,68.43333333333334
4,21,115.5,23.867,35.609,8.916666666666666,68.43333333333334
4,22,125.9,22.336,35.561,8.916666666666666,68.43333333333334
4,23,135.1,21.572,35.625,8.916666666666666,68.43333333333334
4,24,145.4,20.891,35.596,8.916666666666666,68.43333333333334
4,25,155.6,19.893,35.517,8.916666666666666,68.43333333333334
4,26,165.2,18.785,35.395,8.916666666666666,68.43333333333334
4,27,175.2,18.016,35.344,8.916666666666666,68.43333333333334
4,28,185.5,17.241,35.333,8.916666666666666,68.43333333333334
4,29,195.7,16.697,35.311,8.916666666666666,68.43333333333334
4,30,213.1,15.706,35.217,8.916666666666666,68.43333333333334
4,31,237.7,14.682,35.277,8.916666666666666,68.43333333333334
4,32,262.6,13.619,35.203,8.916666666666666,68.43333333333334
4,33,287.7,13.274,35.261,8.916666666666666,68.43333333333334
4,34,312.4,12.871,35.272,8.916666666666666,68.43333333333334
4,35,338.0,12.444,35.23,8.916666666666666,68.43333333333334
4,36,362.9,11.991,35.157,8.916666666666666,68.43333333333334
4,37,388.0,11.719,35.137,8.916666666666666,68.43333333333334
4,38,413.2,11.486,35.14,8.916666666666666,68.43333333333334
4,39,437.8,11.369,35.161,8.916666666666666,68.43333333333334
4,40,462.6,11.311,35.194,8.916666666666666,68.43333333333334
4,41,487.5,11.23,35.214,8.916666666666666,68.43333333333334
4,42,512.9,11.055,35.223,8.916666666666666,68.43333333333334
4,43,538.0,10.894,35.231,8.916666666666666,68.43333333333334
4,44,563.7,11.009,35.314,8.916666666666666,68.43333333333334
4,45,588.0,10.926,35.336,8.916666666666666,68.43333333333334
4,46,613.1,10.691,35.329,8.916666666666666,68.43333333333334
4,47,638.1,10.498,35.322,8.916666666666666,68.43333333333334
4,48,662.7,10.296,35.306,8.916666666666666,68.43333333333334
4,49,687.8,10.027,35.272,8.916666666666666,68.43333333333334
4,50,713.0,9.739,35.243,8.916666666666666,68.43333333333334
4,51,738.0,9.564,35.233,8.916666666666666,68.43333333333334
4,52,762.8,9.483,35.249,8.916666666666666,68.43333333333334
4,53,787.8,9.371,35.259,8.916666666666666,68.43333333333334
4,54,813.9,9.287,35.281,8.916666666666666,68.43333333333334
4,55,838.2,9.135,35.274,8.916666666666666,68.43333333333334
4,56,863.2,8.932,35.265,8.916666666666666,68.43333333333334
4,57,888.1,8.8,35.257,8.916666666666666,68.43333333333334
4,58,912.7,8.64,35.243,8.916666666666666,68.43333333333334
4,59,938.0,8.376,35.218,8.916666666666666,68.43333333333334
4,60,962.8,8.203,35.207,8.916666666666666,68.43333333333334
4,61,987.7,7.94,35.181,8.916666666666666,68.43333333333334
4,62,1012.9,7.71,35.156,8.916666666666666,68.43333333333334
4,63,1038.0,7.49,35.133,8.916666666666666,68.43333333333334
4,64,1063.0,7.276,35.109,8.916666666666666,68.43333333333334
4,65,1087.8,7.083,35.088,8.916666666666666,68.43333333333334
4,66,1112.8,6.955,35.078,8.916666666666666,68.43333333333334
4,67,1137.6,6.772,35.063,8.916666666666666,68.43333333333334
4,68,1162.6,6.573,35.042,8.916666666666666,68.43333333333334
4,69,1188.0,6.388,35.026,8.916666666666666,68.43333333333334
4,70,1213.2,6.263,35.019,8.916666666666666,68.43333333333334
4,71,1238.1,6.138,35.009,8.916666666666666,68.43333333333334
4,72,1263.4,5.957,34.995,8.916666666666666,68.43333333333334
4,73,1287.6,5.812,34.982,8.916666666666666,68.43333333333334
4,74,1312.5,5.643,34.967,8.916666666666666,68.43333333333334
4,75,1337.6,5.475,34.951,8.916666666666666,68.43333333333334
4,76,1362.6,5.446,34.959,8.916666666666666,68.43333333333334
4,77,1387.8,5.362,34.96,8.916666666666666,68.43333333333334
4,78,1412.7,5.218,34.947,8.916666666666666,68.43333333333334
4,79,1437.7,5.023,34.931,8.916666666666666,68.43333333333334
4,80,1463.1,4.897,34.921,8.916666666666666,68.43333333333334
4,81,1488.0,4.797,34.917,8.916666666666666,68.43333333333334
4,82,1512.6,4.653,34.908,8.916666666666666,68.43333333333334
4,83,1537.7,4.479,34.896,8.916666666666666,68.43333333333334
4,84,1562.9,4.389,34.89,8.916666666666666,68.43333333333334
4,85,1588.3,4.276,34.884,8.916666666666666,68.43333333333334
4,86,1613.0,4.149,34.877,8.916666666666666,68.43333333333334
4,87,1637.8,4.055,34.87,8.916666666666666,68.43333333333334
4,88,1662.7,3.921,34.861,8.916666666666666,68.43333333333334
4,89,1687.9,3.817,34.854,8.916666666666666,68.43333333333334
4,90,1713.2,3.718,34.845,8.916666666666666,68.43333333333334
4,91,1738.3,3.583,34.833,8.916666666666666,68.43333333333334
4,92,1763.2,3.495,34.828,8.916666666666666,68.43333333333334
4,93,1788.2,3.418,34.823,8.916666666666666,68.43333333333334
4,94,1812.8,3.346,34.82,8.916666666666666,68.43333333333334
4,95,1837.7,3.253,34.815,8.916666666666666,68.43333333333334
4,96,1863.7,3.207,34.815,8.916666666666666,68.43333333333334
4,97,1887.9,3.126,34.809,8.916666666666666,68.43333333333334
4,98,1912.8,3.062,34.804,8.916666666666666,68.43333333333334
4,99,1937.8,3.013,34.801,8.916666666666666,68.43333333333334
4,100,1962.8,2.959,34.798,8.916666666666666,68.43333333333334
4,101,1987.8,2.894,34.794,8.916666666666666,68.43333333333334
4,102,2005.1,2.856,34.791,8.916666666666666,68.43333333333334
5,0,0.3,30.887,34.795,9.133333333333333,68.58333333333333
5,1,0.8,30.773,34.849,9.133333333333333,68.58333333333333
5,2,1.9,30.693,34.894,9.133333333333333,68.58333333333333
5,3,3.0,30.678,34.901,9.133333333333333,68.58333333333333
5,4,4.2,30.671,34.908,9.133333333333333,68.58333333333333
5,5,5.1,30.666,34.909,9.133333333333333,68.58333333333333
5,6,5.9,30.663,34.909,9.133333333333333,68.58333333333333
5,7,6.7,30.657,34.909,9.133333333333333,68.58333333333333
5,8,7.6,30.652,34.908,9.133333333333333,68.58333333333333
5,9,8.9,30.643,34.905,9.133333333333333,68.58333333333333
5,10,10.3,30.634,34.904,9.133333333333333,68.58333333333333
5,11,15.2,30.382,35.052,9.133333333333333,68.58333333333333
5,12,25.1,29.88,35.343,9.133333333333333,68.58333333333333
5,13,35.7,29.504,35.402,9.133333333333333,68.58333333333333
5,14,45.4,29.129,35.457,9.133333333333333,68.58333333333333
5,15,55.4,28.429,35.74,9.133333333333333,68.58333333333333
5,16,65.4,27.676,35.849,9.133333333333333,68.58333333333333
5,17,75.1,27.205,35.903,9.133333333333333,68.58333333333333
5,18,85.4,26.846,35.948,9.133333333333333,68.58333333333333
5,19,95.8,26.256,35.895,9.133333333333333,68.58333333333333
5,20,105.7,25.906,35.896,9.133333333333333,68.58333333333333
5,21,115.7,25.209,35.877,9.133333333333333,68.58333333333333
5,22,125.1,24.008,35.806,9.133333333333333,68.58333333333333
5,23,135.6,22.5,35.72,9.133333333333333,68.58333333333333
5,24,145.9,21.325,35.527,9.133333333333333,68.58333333333333
5,25,155.5,20.405,35.577,9.133333333333333,68.58333333333333
5,26,165.3,18.944,35.459,9.133333333333333,68.58333333333333
5,27,175.3,18.251,35.409,9.133333333333333,68.58333333333333
5,28,185.3,17.535,35.362,9.133333333333333,68.58333333333333
5,29,195.3,16.497,35.277,9.133333333333333,68.58333333333333
5,30,213.2,15.274,35.271,9.133333333333333,68.58333333333333
5,31,237.3,14.426,35.269,9.133333333333333,68.58333333333333
5,32,263.0,13.864,35.282,9.133333333333333,68.58333333333333
5,33,289.1,13.338,35.302,9.133333333333333,68.58333333333333
5,34,312.8,12.915,35.288,9.133333333333333,68.58333333333333
5,35,337.9,12.555,35.283,9.133333333333333,68.58333333333333
5,36,362.8,12.161,35.267,9.133333333333333,68.58333333333333
5,37,388.2,11.851,35.247,9.133333333333333,68.58333333333333
5,38,412.8,11.76,35.262,9.133333333333333,68.58333333333333
5,39,437.7,11.261,35.19,9.133333333333333,68.58333333333333
5,40,462.9,11.06,35.182,9.133333333333333,68.58333333333333
5,41,488.1,11.004,35.213,9.133333333333333,68.58333333333333
5,42,512.9,11.087,35.265,9.133333333333333,68.58333333333333
5,43,537.7,10.924,35.269,9.133333333333333,68.58333333333333
5,44,562.6,10.731,35.265,9.133333333333333,68.58333333333333
5,45,587.8,10.64,35.28,9.133333333333333,68.58333333333333
5,46,612.8,10.487,35.281,9.133333333333333,68.58333333333333
5,47,638.5,10.304,35.275,9.133333333333333,68.58333333333333
5,48,662.9,10.123,35.271,9.133333333333333,68.58333333333333
5,49,687.5,9.942,35.265,9.133333333333333,68.58333333333333
5,50,712.4,9.613,35.23,9.133333333333333,68.58333333333333
5,51,737.6,9.466,35.231,9.133333333333333,68.58333333333333
5,52,762.6,9.275,35.213,9.133333333333333,68.58333333333333
5,53,787.8,8.968,35.177,9.133333333333333,68.58333333333333
5,54,813.1,8.813,35.168,9.133333333333333,68.58333333333333
5,55,838.5,8.889,35.227,9.133333333333333,68.58333333333333
5,56,862.7,8.821,35.247,9.133333333333333,68.58333333333333
5,57,887.6,8.553,35.22,9.133333333333333,68.58333333333333
5,58,912.7,8.352,35.207,9.133333333333333,68.58333333333333
5,59,937.8,8.123,35.182,9.133333333333333,68.58333333333333
5,60,962.5,7.957,35.173,9.133333333333333,68.58333333333333
5,61,987.9,7.831,35.168,9.133333333333333,68.58333333333333
5,62,1013.2,7.563,35.135,9.133333333333333,68.58333333333333
5,63,1038.0,7.323,35.101,9.133333333333333,68.58333333333333
5,64,1062.7,7.184,35.091,9.133333333333333,68.58333333333333
5,65,1087.8,7.1,35.094,9.133333333333333,68.58333333333333
5,66,1112.7,6.89,35.072,9.133333333333333,68.58333333333333
5,67,1137.7,6.677,35.05,9.133333333333333,68.58333333333333
5,68,1162.6,6.489,35.027,9.133333333333333,68.58333333333333
5,69,1187.6,6.363,35.023,9.133333333333333,68.58333333333333
5,70,1212.7,6.246,35.018,9.133333333333333,68.58333333333333
5,71,1237.9,6.095,35.004,9.133333333333333,68.58333333333333
5,72,1263.0,5.885,34.981,9.133333333333333,68.58333333333333
5,73,1287.8,5.838,34.988,9.133333333333333,68.58333333333333
5,74,1312.8,5.624,34.964,9.133333333333333,68.58333333333333
5,75,1337.7,5.471,34.951,9.133333333333333,68.58333333333333
5,76,1362.8,5.344,34.948,9.133333333333333,68.58333333333333
5,77,1388.2,5.242,34.949,9.133333333333333,68.58333333333333
5,78,1413.6,5.103,34.936,9.133333333333333,68.58333333333333
5,79,1437.6,5.003,34.932,9.133333333333333,68.58333333333333
5,80,1462.8,4.899,34.924,9.133333333333333,68.58333333333333
5,81,1487.8,4.796,34.917,9.133333333333333,68.58333333333333
5,82,1512.7,4.686,34.91,9.133333333333333,68.58333333333333
5,83,1537.9,4.538,34.902,9.133333333333333,68.58333333333333
5,84,1563.1,4.401,34.895,9.133333333333333,68.58333333333333
5,85,1587.8,4.254,34.885,9.133333333333333,68.58333333333333
5,86,1612.6,4.095,34.872,9.133333333333333,68.58333333333333
5,87,1637.8,3.964,34.861,9.133333333333333,68.58333333333333
5,88,1662.9,3.808,34.848,9.133333333333333,68.58333333333333
5,89,1687.6,3.701,34.841,9.133333333333333,68.58333333333333
5,90,1713.4,3.601,34.836,9.133333333333333,68.58333333333333
5,91,1737.6,3.529,34.831,9.133333333333333,68.58333333333333
5,92,1762.6,3.462,34.826,9.133333333333333,68.58333333333333
5,93,1787.9,3.4,34.823,9.133333333333333,68.58333333333333
5,94,1813.3,3.361,34.822,9.133333333333333,68.58333333333333
5,95,1838.3,3.277,34.816,9.133333333333333,68.58333333333333
5,96,1862.9,3.178,34.808,9.133333333333333,68.58333333333333
5,97,1887.7,3.115,34.805,9.133333333333333,68.58333333333333
5,98,1912.6,3.057,34.803,9.133333333333333,68.58333333333333
5,99,1937.6,2.977,34.798,9.133333333333333,68.58333333333333
5,100,1963.5,2.909,34.795,9.133333333333333,68.58333333333333
6,0,0.1,30.782,35.182,9.183333333333334,68.68333333333334
6,1,0.7,30.788,35.178,9.183333333333334,68.68333333333334
6,2,1.6,30.791,35.177,9.183333333333334,68.68333333333334
6,3,2.6,30.79,35.177,9.183333333333334,68.68333333333334
6,4,3.5,30.789,35.178,9.183333333333334,68.68333333333334
6,5,4.5,30.788,35.178,9.183333333333334,68.68333333333334
6,6,5.5,30.794,35.178,9.183333333333334,68.68333333333334
6,7,6.5,30.793,35.178,9.183333333333334,68.68333333333334
6,8,7.5,30.794,35.178,9.183333333333334,68.68333333333334
6,9,8.5,30.795,35.177,9.183333333333334,68.68333333333334
6,10,9.6,30.792,35.179,9.183333333333334,68.68333333333334
6,11,15.7,30.795,35.178,9.183333333333334,68.68333333333334
6,12,25.3,30.11,35.385,9.183333333333334,68.68333333333334
6,13,35.1,29.562,35.949,9.183333333333334,68.68333333333334
6,14,45.8,28.524,36.073,9.183333333333334,68.68333333333334
6,15,55.4,27.383,35.948,9.183333333333334,68.68333333333334
6,16,65.1,26.839,35.987,9.183333333333334,68.68333333333334
6,17,75.0,26.706,36.088,9.183333333333334,68.68333333333334
6,18,85.4,26.152,36.06,9.183333333333334,68.68333333333334
6,19,95.6,25.413,36.025,9.183333333333334,68.68333333333334
6,20,105.4,24.168,35.862,9.183333333333334,68.68333333333334
6,21,115.2,22.593,35.711,9.183333333333334,68.68333333333334
6,22,124.9,21.618,35.662,9.183333333333334,68.68333333333334
6,23,135.3,20.207,35.461,9.183333333333334,68.68333333333334
6,24,145.7,19.675,35.411,9.183333333333334,68.68333333333334
6,25,155.8,19.075,35.374,9.183333333333334,68.68333333333334
6,26,165.6,18.206,35.358,9.183333333333334,68.68333333333334
6,27,175.6,17.398,35.335,9.183333333333334,68.68333333333334
6,28,185.3,16.702,35.301,9.183333333333334,68.68333333333334
6,29,195.5,16.151,35.295,9.183333333333334,68.68333333333334
6,30,212.7,15.169,35.274,9.183333333333334,68.68333333333334
6,31,237.8,14.278,35.266,9.183333333333334,68.68333333333334
6,32,263.3,13.598,35.284,9.183333333333334,68.68333333333334
6,33,288.3,13.082,35.283,9.183333333333334,68.68333333333334
6,34,312.8,12.597,35.264,9.183333333333334,68.68333333333334
6,35,338.3,12.321,35.267,9.183333333333334,68.68333333333334
6,36,363.0,12.009,35.257,9.183333333333334,68.68333333333334
6,37,388.0,11.854,35.27,9.183333333333334,68.68333333333334
6,38,412.8,11.769,35.295,9.183333333333334,68.68333333333334
6,39,437.9,11.622,35.306,9.183333333333334,68.68333333333334
6,40,463.2,11.502,35.32,9.183333333333334,68.68333333333334
6,41,488.0,11.396,35.324,9.183333333333334,68.68333333333334
6,42,512.9,11.232,35.31,9.183333333333334,68.68333333333334
6,43,538.0,10.77,35.236,9.183333333333334,68.68333333333334
6,44,563.0,10.67,35.254,9.183333333333334,68.68333333333334
6,45,588.2,10.605,35.282,9.183333333333334,68.68333333333334
6,46,613.0,10.412,35.28,9.183333333333334,68.68333333333334
6,47,638.9,10.133,35.259,9.183333333333334,68.68333333333334
6,48,662.7,10.003,35.26,9.183333333333334,68.68333333333334
6,49,687.8,9.773,35.245,9.183333333333334,68.68333333333334
6,50,713.0,9.567,35.23,9.183333333333334,68.68333333333334
6,51,737.9,9.352,35.211,9.183333333333334,68.68333333333334
6,52,762.7,9.103,35.186,9.183333333333334,68.68333333333334
6,53,787.5,8.889,35.173,9.183333333333334,68.68333333333334
6,54,812.6,8.723,35.177,9.183333333333334,68.68333333333334
6,55,837.7,8.627,35.184,9.183333333333334,68.68333333333334
6,56,862.5,8.468,35.185,9.183333333333334,68.68333333333334
6,57,887.9,8.419,35.198,9.183333333333334,68.68333333333334
6,58,912.8,8.38,35.218,9.183333333333334,68.68333333333334
6,59,937.8,8.195,35.198,9.183333333333334,68.68333333333334
6,60,963.1,8.033,35.189,9.183333333333334,68.68333333333334
6,61,988.0,7.869,35.181,9.183333333333334,68.68333333333334
6,62,1012.7,7.542,35.141,9.183333333333334,68.68333333333334
6,63,1037.8,7.008,35.059,9.183333333333334,68.68333333333334
6,64,1062.6,6.713,35.022,9.183333333333334,68.68333333333334
6,65,1087.6,6.636,35.026,9.183333333333334,68.68333333333334
6,66,1112.6,6.562,35.023,9.183333333333334,68.68333333333334
6,67,1138.0,6.502,35.025,9.183333333333334,68.68333333333334
6,68,1163.0,6.381,35.016,9.183333333333334,68.68333333333334
6,69,1187.8,6.255,35.006,9.183333333333334,68.68333333333334
6,70,1213.1,6.148,34.995,9.183333333333334,68.68333333333334
6,71,1238.0,6.007,34.981,9.183333333333334,68.68333333333334
6,72,1262.7,5.933,34.977,9.183333333333334,68.68333333333334
6,73,1287.9,5.773,34.964,9.183333333333334,68.68333333333334
6,74,1312.9,5.617,34.956,9.183333333333334,68.68333333333334
6,75,1338.5,5.489,34.949,9.183333333333334,68.68333333333334
6,76,1362.7,5.386,34.943,9.183333333333334,68.68333333333334
6,77,1387.4,5.234,34.936,9.183333333333334,68.68333333333334
6,78,1412.6,5.119,34.932,9.183333333333334,68.68333333333334
6,79,1438.0,5.012,34.93,9.183333333333334,68.68333333333334
6,80,1463.0,4.882,34.921,9.183333333333334,68.68333333333334
6,81,1487.9,4.726,34.912,9.183333333333334,68.68333333333334
6,82,1512.9,4.585,34.903,9.183333333333334,68.68333333333334
6,83,1537.9,4.438,34.891,9.183333333333334,68.68333333333334
6,84,1562.8,4.333,34.884,9.183333333333334,68.68333333333334
6,85,1587.6,4.231,34.877,9.183333333333334,68.68333333333334
6,86,1612.5,4.09,34.868,9.183333333333334,68.68333333333334
6,87,1637.7,3.941,34.858,9.183333333333334,68.68333333333334
6,88,1662.8,3.829,34.85,9.183333333333334,68.68333333333334
6,89,1687.8,3.731,34.843,9.183333333333334,68.68333333333334
6,90,1712.8,3.627,34.836,9.183333333333334,68.68333333333334
6,91,1738.1,3.53,34.829,9.183333333333334,68.68333333333334
6,92,1762.8,3.447,34.825,9.183333333333334,68.68333333333334
6,93,1788.0,3.371,34.82,9.183333333333334,68.68333333333334
6,94,1812.7,3.302,34.815,9.183333333333334,68.68333333333334
6,95,1837.5,3.241,34.812,9.183333333333334,68.68333333333334
6,96,1863.6,3.18,34.808,9.183333333333334,68.68333333333334
6,97,1887.7,3.133,34.805,9.183333333333334,68.68333333333334
6,98,1912.5,3.089,34.803,9.183333333333334,68.68333333333334
6,99,1937.7,3.053,34.801,9.183333333333334,68.68333333333334
6,100,1962.9,3.017,34.799,9.183333333333334,68.68333333333334
6,101,1988.1,2.973,34.797,9.183333333333334,68.68333333333334
6,102,2013.2,2.937,34.795,9.183333333333334,68.68333333333334
6,103,2031.9,2.912,34.794,9.183333333333334,68.68333333333334
7,0,0.2,30.459,34.959,9.216666666666669,68.7
7,1,1.0,30.46,34.959,9.216666666666669,68.7
7,2,2.0,30.457,34.962,9.216666666666669,68.7
7,3,2.7,30.457,34.964,9.216666666666669,68.7
7,4,3.9,30.461,34.962,9.216666666666669,68.7
7,5,5.2,30.463,34.961,9.216666666666669,68.7
7,6,6.0,30.463,34.962,9.216666666666669,68.7
7,7,6.9,30.461,34.963,9.216666666666669,68.7
7,8,7.7,30.457,34.96,9.216666666666669,68.7
7,9,8.6,30.461,34.961,9.216666666666669,68.7
7,10,9.9,30.459,34.96,9.216666666666669,68.7
7,11,15.7,30.474,34.978,9.216666666666669,68.7
7,12,25.2,30.46,35.232,9.216666666666669,68.7
7,13,35.4,29.669,35.401,9.216666666666669,68.7
7,14,45.8,28.997,35.393,9.216666666666669,68.7
7,15,55.4,27.81,35.674,9.216666666666669,68.7
7,16,65.2,27.516,35.924,9.216666666666669,68.7
7,17,75.0,26.88,35.967,9.216666666666669,68.7
7,18,85.2,26.007,35.969,9.216666666666669,68.7
7,19,95.0,24.685,35.822,9.216666666666669,68.7
7,20,105.4,23.733,35.821,9.216666666666669,68.7
7,21,115.5,22.718,35.802,9.216666666666669,68.7
7,22,125.3,21.897,35.777,9.216666666666669,68.7
7,23,135.2,21.003,35.717,9.216666666666669,68.7
7,24,145.3,20.349,35.672,9.216666666666669,68.7
7,25,155.2,19.501,35.588,9.216666666666669,68.7
7,26,165.6,18.404,35.428,9.216666666666669,68.7
7,27,175.3,17.527,35.347,9.216666666666669,68.7
7,28,185.1,16.833,35.315,9.216666666666669,68.7
7,29,195.0,16.117,35.257,9.216666666666669,68.7
7,30,212.8,15.412,35.239,9.216666666666669,68.7
7,31,237.5,14.48,35.269,9.216666666666669,68.7
7,32,263.0,13.696,35.271,9.216666666666669,68.7
7,33,288.9,13.159,35.277,9.216666666666669,68.7
7,34,312.9,12.836,35.284,9.216666666666669,68.7
7,35,337.8,12.554,35.301,9.216666666666669,68.7
7,36,362.7,12.128,35.273,9.216666666666669,68.7
7,37,387.8,11.808,35.262,9.216666666666669,68.7
7,38,413.1,11.67,35.279,9.216666666666669,68.7
7,39,438.0,11.548,35.297,9.216666666666669,68.7
7,40,462.6,11.418,35.308,9.216666666666669,68.7
7,41,488.1,11.329,35.338,9.216666666666669,68.7
7,42,513.0,10.924,35.282,9.216666666666669,68.7
7,43,537.9,10.75,35.269,9.216666666666669,68.7
7,44,562.9,10.694,35.281,9.216666666666669,68.7
7,45,587.6,10.583,35.282,9.216666666666669,68.7
7,46,612.6,10.399,35.275,9.216666666666669,68.7
7,47,637.7,10.218,35.266,9.216666666666669,68.7
7,48,662.5,10.052,35.27,9.216666666666669,68.7
7,49,688.3,9.778,35.251,9.216666666666669,68.7
7,50,712.7,9.5,35.216,9.216666666666669,68.7
7,51,738.2,9.305,35.198,9.216666666666669,68.7
7,52,762.9,9.218,35.204,9.216666666666669,68.7
7,53,787.8,9.061,35.195,9.216666666666669,68.7
7,54,813.2,8.864,35.178,9.216666666666669,68.7
7,55,838.2,8.677,35.168,9.216666666666669,68.7
7,56,863.0,8.424,35.159,9.216666666666669,68.7
7,57,887.9,8.185,35.142,9.216666666666669,68.7
7,58,913.8,8.171,35.175,9.216666666666669,68.7
7,59,937.6,8.151,35.191,9.216666666666669,68.7
7,60,962.7,7.966,35.189,9.216666666666669,68.7
7,61,988.2,7.714,35.162,9.216666666666669,68.7
7,62,1013.0,7.333,35.1,9.216666666666669,68.7
7,63,1037.9,6.945,35.047,9.216666666666669,68.7
7,64,1063.1,6.682,35.019,9.216666666666669,68.7
7,65,1088.2,6.413,34.988,9.216666666666669,68.7
7,66,1113.0,6.246,34.972,9.216666666666669,68.7
7,67,1137.9,6.125,34.962,9.216666666666669,68.7
7,68,1162.8,6.029,34.953,9.216666666666669,68.7
7,69,1187.7,5.954,34.948,9.216666666666669,68.7
7,70,1212.8,5.913,34.949,9.216666666666669,68.7
7,71,1237.8,5.878,34.951,9.216666666666669,68.7
7,72,1262.7,5.832,34.953,9.216666666666669,68.7
7,73,1288.2,5.763,34.957,9.216666666666669,68.7
7,74,1312.6,5.643,34.952,9.216666666666669,68.7
7,75,1337.8,5.497,34.947,9.216666666666669,68.7
7,76,1363.0,5.378,34.944,9.216666666666669,68.7
7,77,1388.2,5.245,34.937,9.216666666666669,68.7
7,78,1412.9,5.114,34.931,9.216666666666669,68.7
7,79,1437.9,5.024,34.93,9.216666666666669,68.7
7,80,1463.1,4.852,34.918,9.216666666666669,68.7
7,81,1488.1,4.739,34.912,9.216666666666669,68.7
7,82,1512.8,4.617,34.903,9.216666666666669,68.7
7,83,1537.6,4.499,34.896,9.216666666666669,68.7
7,84,1562.8,4.402,34.892,9.216666666666669,68.7
7,85,1587.8,4.266,34.882,9.216666666666669,68.7
7,86,1612.7,4.093,34.869,9.216666666666669,68.7
7,87,1637.6,3.964,34.859,9.216666666666669,68.7
7,88,1663.0,3.856,34.852,9.216666666666669,68.7
7,89,1687.8,3.755,34.844,9.216666666666669,68.7
7,90,1712.9,3.682,34.838,9.216666666666669,68.7
7,91,1737.5,3.607,34.833,9.216666666666669,68.7
7,92,1762.3,3.516,34.827,9.216666666666669,68.7
7,93,1787.4,3.455,34.824,9.216666666666669,68.7
7,94,1812.5,3.388,34.819,9.216666666666669,68.7
7,95,1837.7,3.319,34.815,9.216666666666669,68.7
7,96,1863.0,3.247,34.811,9.216666666666669,68.7
7,97,1888.3,3.173,34.807,9.216666666666669,68.7
7,98,1913.5,3.114,34.803,9.216666666666669,68.7
7,99,1937.8,3.062,34.8,9.216666666666669,68.7
7,100,1962.9,3.031,34.799,9.216666666666669,68.7
7,101,1987.9,2.983,34.797,9.216666666666669,68.7
7,102,2013.9,2.929,34.794,9.216666666666669,68.7
8,0,0.2,29.85,34.895,9.183333333333334,68.78333333333333
8,1,0.8,29.852,34.897,9.183333333333334,68.78333333333333
8,2,2.0,29.853,34.896,9.183333333333334,68.78333333333333
8,3,2.8,29.853,34.899,9.183333333333334,68.78333333333333
8,4,3.7,29.853,34.899,9.183333333333334,68.78333333333333
8,5,4.6,29.854,34.9,9.183333333333334,68.78333333333333
8,6,5.6,29.854,34.899,9.183333333333334,68.78333333333333
8,7,6.6,29.855,34.899,9.183333333333334,68.78333333333333
8,8,7.6,29.853,34.901,9.183333333333334,68.78333333333333
8,9,8.6,29.852,34.9,9.183333333333334,68.78333333333333
8,10,9.6,29.853,34.9,9.183333333333334,68.78333333333333
8,11,15.1,29.855,34.899,9.183333333333334,68.78333333333333
8,12,25.4,29.859,34.9,9.183333333333334,68.78333333333333
8,13,35.5,29.862,34.901,9.183333333333334,68.78333333333333
8,14,45.4,29.862,34.905,9.183333333333334,68.78333333333333
8,15,56.2,29.825,34.936,9.183333333333334,68.78333333333333
8,16,65.0,29.076,35.339,9.183333333333334,68.78333333333333
8,17,75.5,28.284,35.652,9.183333333333334,68.78333333333333
8,18,85.0,26.035,35.444,9.183333333333334,68.78333333333333
8,19,95.4,24.876,35.358,9.183333333333334,68.78333333333333
8,20,105.7,24.353,35.601,9.183333333333334,68.78333333333333
8,21,116.1,22.763,35.509,9.183333333333334,68.78333333333333
8,22,125.7,21.474,35.396,9.183333333333334,68.78333333333333
8,23,135.0,21.292,35.598,9.183333333333334,68.78333333333333
8,24,145.6,20.124,35.473,9.183333333333334,68.78333333333333
8,25,155.3,19.247,35.439,9.183333333333334,68.78333333333333
8,26,165.2,18.353,35.421,9.183333333333334,68.78333333333333
8,27,175.6,17.071,35.285,9.183333333333334,68.78333333333333
8,28,185.5,16.499,35.254,9.183333333333334,68.78333333333333
8,29,195.4,16.117,35.239,9.183333333333334,68.78333333333333
8,30,214.1,15.512,35.266,9.183333333333334,68.78333333333333
8,31,237.3,14.58,35.291,9.183333333333334,68.78333333333333
8,32,263.9,13.819,35.309,9.183333333333334,68.78333333333333
8,33,287.6,13.277,35.314,9.183333333333334,68.78333333333333
8,34,313.1,12.654,35.272,9.183333333333334,68.78333333333333
8,35,338.1,12.242,35.245,9.183333333333334,68.78333333333333
8,36,362.5,12.021,35.239,9.183333333333334,68.78333333333333
8,37,387.6,11.885,35.257,9.183333333333334,68.78333333333333
8,38,412.8,11.739,35.274,9.183333333333334,68.78333333333333
8,39,437.9,11.606,35.286,9.183333333333334,68.78333333333333
8,40,463.1,11.439,35.298,9.183333333333334,68.78333333333333
8,41,488.8,11.392,35.331,9.183333333333334,68.78333333333333
8,42,512.7,11.256,35.336,9.183333333333334,68.78333333333333
8,43,537.5,11.116,35.343,9.183333333333334,68.78333333333333
8,44,562.6,10.754,35.297,9.183333333333334,68.78333333333333
8,45,587.6,10.533,35.284,9.183333333333334,68.78333333333333
8,46,613.0,10.354,35.274,9.183333333333334,68.78333333333333
8,47,638.0,10.164,35.263,9.183333333333334,68.78333333333333
8,48,662.7,10.079,35.269,9.183333333333334,68.78333333333333
8,49,687.5,9.899,35.262,9.183333333333334,68.78333333333333
8,50,712.6,9.702,35.251,9.183333333333334,68.78333333333333
8,51,737.6,9.451,35.224,9.183333333333334,68.78333333333333
8,52,762.5,9.263,35.211,9.183333333333334,68.78333333333333
8,53,787.7,9.018,35.191,9.183333333333334,68.78333333333333
8,54,812.8,8.825,35.176,9.183333333333334,68.78333333333333
8,55,837.5,8.731,35.179,9.183333333333334,68.78333333333333
8,56,862.4,8.602,35.181,9.183333333333334,68.78333333333333
8,57,887.9,8.478,35.185,9.183333333333334,68.78333333333333
8,58,913.0,8.246,35.167,9.183333333333334,68.78333333333333
8,59,937.9,8.241,35.191,9.183333333333334,68.78333333333333
8,60,963.2,8.179,35.207,9.183333333333334,68.78333333333333
8,61,977.6,8.062,35.197,9.183333333333334,68.78333333333333
9,0,0.1,30.217,35.385,9.016666666666667,68.8
9,1,0.7,30.171,35.391,9.016666666666667,68.8
9,2,1.8,30.084,35.399,9.016666666666667,68.8
9,3,3.0,30.012,35.418,9.016666666666667,68.8
9,4,3.9,29.957,35.461,9.016666666666667,68.8
9,5,4.7,29.877,35.486,9.016666666666667,68.8
9,6,5.6,29.786,35.485,9.016666666666667,68.8
9,7,6.5,29.775,35.485,9.016666666666667,68.8
9,8,7.9,29.757,35.484,9.016666666666667,68.8
9,9,9.3,29.749,35.484,9.016666666666667,68.8
9,10,10.3,29.746,35.484,9.016666666666667,68.8
9,11,15.3,29.717,35.483,9.016666666666667,68.8
9,12,25.1,29.696,35.483,9.016666666666667,68.8
9,13,35.4,29.681,35.483,9.016666666666667,68.8
9,14,45.7,29.669,35.482,9.016666666666667,68.8
9,15,55.5,29.649,35.481,9.016666666666667,68.8
9,16,65.7,29.614,35.486,9.016666666666667,68.8
9,17,74.7,28.743,35.574,9.016666666666667,68.8
9,18,85.9,27.261,35.776,9.016666666666667,68.8
9,19,95.3,24.94,35.46,9.016666666666667,68.8
9,20,105.4,23.499,35.617,9.016666666666667,68.8
9,21,115.1,22.682,35.693,9.016666666666667,68.8
9,22,125.6,21.881,35.663,9.016666666666667,68.8
9,23,135.5,20.771,35.522,9.016666666666667,68.8
9,24,145.7,19.909,35.528,9.016666666666667,68.8
9,25,155.3,18.532,35.381,9.016666666666667,68.8
9,26,165.4,18.099,35.439,9.016666666666667,68.8
9,27,175.4,17.49,35.4,9.016666666666667,68.8
9,28,185.7,16.639,35.301,9.016666666666667,68.8
9,29,195.5,16.261,35.285,9.016666666666667,68.8
9,30,212.8,15.517,35.279,9.016666666666667,68.8
9,31,238.5,14.577,35.296,9.016666666666667,68.8
9,32,262.4,13.653,35.298,9.016666666666667,68.8
9,33,288.4,13.04,35.304,9.016666666666667,68.8
9,34,312.4,12.589,35.278,9.016666666666667,68.8
9,35,337.6,12.269,35.261,9.016666666666667,68.8
9,36,362.9,12.111,35.275,9.016666666666667,68.8
9,37,388.3,11.909,35.287,9.016666666666667,68.8
9,38,412.8,11.671,35.283,9.016666666666667,68.8
9,39,437.8,11.449,35.266,9.016666666666667,68.8
9,40,462.9,11.252,35.258,9.016666666666667,68.8
9,41,487.7,10.965,35.23,9.016666666666667,68.8
9,42,512.6,10.941,35.276,9.016666666666667,68.8
9,43,538.0,10.912,35.315,9.016666666666667,68.8
9,44,563.6,10.512,35.266,9.016666666666667,68.8
9,45,587.6,10.464,35.285,9.016666666666667,68.8
9,46,612.9,10.221,35.259,9.016666666666667,68.8
9,47,637.8,10.042,35.259,9.016666666666667,68.8
9,48,662.6,9.867,35.25,9.016666666666667,68.8
9,49,687.8,9.752,35.253,9.016666666666667,68.8
9,50,713.2,9.513,35.236,9.016666666666667,68.8
9,51,737.8,9.227,35.209,9.016666666666667,68.8
9,52,762.8,9.102,35.209,9.016666666666667,68.8
9,53,787.8,8.902,35.195,9.016666666666667,68.8
9,54,813.1,8.702,35.177,9.016666666666667,68.8
9,55,837.7,8.543,35.172,9.016666666666667,68.8
9,56,862.8,8.414,35.168,9.016666666666667,68.8
9,57,888.2,8.322,35.169,9.016666666666667,68.8
9,58,913.3,8.181,35.163,9.016666666666667,68.8
9,59,937.9,8.044,35.164,9.016666666666667,68.8
9,60,962.5,8.063,35.192,9.016666666666667,68.8
9,61,987.4,7.829,35.167,9.016666666666667,68.8
9,62,1012.7,7.595,35.132,9.016666666666667,68.8
9,63,1037.9,7.238,35.083,9.016666666666667,68.8
9,64,1062.8,7.093,35.072,9.016666666666667,68.8
9,65,1087.7,6.963,35.066,9.016666666666667,68.8
9,66,1113.0,6.758,35.043,9.016666666666667,68.8
9,67,1138.0,6.472,35.006,9.016666666666667,68.8
9,68,1162.8,6.48,35.026,9.016666666666667,68.8
9,69,1188.1,6.352,35.018,9.016666666666667,68.8
9,70,1213.3,6.172,35.0,9.016666666666667,68.8
9,71,1238.2,5.99,34.981,9.016666666666667,68.8
9,72,1263.0,5.875,34.976,9.016666666666667,68.8
9,73,1287.9,5.798,34.979,9.016666666666667,68.8
9,74,1313.2,5.71,34.98,9.016666666666667,68.8
9,75,1337.7,5.563,34.971,9.016666666666667,68.8
9,76,1362.9,5.395,34.957,9.016666666666667,68.8
9,77,1388.0,5.219,34.942,9.016666666666667,68.8
9,78,1412.8,5.082,34.932,9.016666666666667,68.8
9,79,1438.0,4.989,34.932,9.016666666666667,68.8
9,80,1462.8,4.907,34.93,9.016666666666667,68.8
9,81,1487.6,4.78,34.921,9.016666666666667,68.8
9,82,1512.8,4.674,34.913,9.016666666666667,68.8
9,83,1537.9,4.571,34.904,9.016666666666667,68.8
9,84,1562.9,4.455,34.895,9.016666666666667,68.8
9,85,1587.5,4.353,34.887,9.016666666666667,68.8
9,86,1612.7,4.246,34.879,9.016666666666667,68.8
9,87,1637.8,4.136,34.871,9.016666666666667,68.8
9,88,1663.2,4.03,34.863,9.016666666666667,68.8
9,89,1688.2,3.903,34.854,9.016666666666667,68.8
9,90,1712.9,3.816,34.849,9.016666666666667,68.8
9,91,1737.9,3.721,34.842,9.016666666666667,68.8
9,92,1763.0,3.626,34.835,9.016666666666667,68.8
9,93,1788.0,3.555,34.83,9.016666666666667,68.8
9,94,1812.8,3.495,34.826,9.016666666666667,68.8
9,95,1837.9,3.424,34.822,9.016666666666667,68.8
9,96,1862.7,3.34,34.817,9.016666666666667,68.8
9,97,1887.5,3.26,34.812,9.016666666666667,68.8
9,98,1912.5,3.212,34.809,9.016666666666667,68.8
9,99,1937.5,3.149,34.805,9.016666666666667,68.8
9,100,1962.7,3.096,34.802,9.016666666666667,68.8
9,101,1990.1,3.05,34.799,9.016666666666667,68.8
10,0,0.2,29.229,35.661,8.9,68.71666666666667
10,1,0.9,29.228,35.682,8.9,68.71666666666667
10,2,1.9,29.228,35.68,8.9,68.71666666666667
10,3,3.0,29.228,35.681,8.9,68.71666666666667
10,4,4.0,29.228,35.68,8.9,68.71666666666667
10,5,4.8,29.225,35.682,8.9,68.71666666666667
10,6,5.9,29.225,35.682,8.9,68.71666666666667
10,7,7.1,29.226,35.681,8.9,68.71666666666667
10,8,8.0,29.227,35.682,8.9,68.71666666666667
10,9,8.9,29.226,35.683,8.9,68.71666666666667
10,10,9.9,29.226,35.682,8.9,68.71666666666667
10,11,14.8,29.226,35.681,8.9,68.71666666666667
10,12,25.4,29.226,35.681,8.9,68.71666666666667
10,13,35.4,29.224,35.682,8.9,68.71666666666667
10,14,45.8,29.225,35.682,8.9,68.71666666666667
10,15,56.2,29.207,35.674,8.9,68.71666666666667
10,16,65.6,27.002,35.627,8.9,68.71666666666667
10,17,75.5,26.68,35.751,8.9,68.71666666666667
10,18,85.4,26.451,35.918,8.9,68.71666666666667
10,19,95.4,25.89,35.972,8.9,68.71666666666667
10,20,105.2,24.598,35.815,8.9,68.71666666666667
10,21,115.2,23.607,35.826,8.9,68.71666666666667
10,22,125.3,22.636,35.783,8.9,68.71666666666667
10,23,135.3,21.674,35.793,8.9,68.71666666666667
10,24,145.5,20.26,35.713,8.9,68.71666666666667
10,25,155.1,18.572,35.559,8.9,68.71666666666667
10,26,165.4,17.373,35.447,8.9,68.71666666666667
10,27,175.3,16.685,35.407,8.9,68.71666666666667
10,28,185.7,15.862,35.328,8.9,68.71666666666667
10,29,195.6,15.419,35.295,8.9,68.71666666666667
10,30,212.1,14.702,35.29,8.9,68.71666666666667
10,31,237.8,14.146,35.339,8.9,68.71666666666667
10,32,263.2,13.454,35.317,8.9,68.71666666666667
10,33,287.9,12.909,35.283,8.9,68.71666666666667
10,34,312.7,12.471,35.259,8.9,68.71666666666667
10,35,338.4,12.188,35.255,8.9,68.71666666666667
10,36,362.8,11.98,35.265,8.9,68.71666666666667
10,37,387.7,11.839,35.276,8.9,68.71666666666667
10,38,412.7,11.719,35.296,8.9,68.71666666666667
10,39,437.8,11.598,35.322,8.9,68.71666666666667
10,40,462.6,11.412,35.324,8.9,68.71666666666667
10,41,487.6,11.144,35.301,8.9,68.71666666666667
10,42,512.9,10.975,35.298,8.9,68.71666666666667
10,43,538.2,10.768,35.285,8.9,68.71666666666667
10,44,563.2,10.538,35.272,8.9,68.71666666666667
10,45,587.8,10.241,35.249,8.9,68.71666666666667
10,46,613.2,10.113,35.262,8.9,68.71666666666667
10,47,637.6,9.998,35.268,8.9,68.71666666666667
10,48,662.4,9.825,35.253,8.9,68.71666666666667
10,49,687.6,9.676,35.245,8.9,68.71666666666667
10,50,712.9,9.574,35.247,8.9,68.71666666666667
10,51,737.8,9.476,35.248,8.9,68.71666666666667
10,52,762.7,9.354,35.249,8.9,68.71666666666667
10,53,787.8,8.989,35.198,8.9,68.71666666666667
10,54,812.8,8.794,35.181,8.9,68.71666666666667
10,55,837.7,8.641,35.18,8.9,68.71666666666667
10,56,863.0,8.427,35.165,8.9,68.71666666666667
10,57,888.2,8.302,35.169,8.9,68.71666666666667
10,58,912.6,8.181,35.163,8.9,68.71666666666667
10,59,937.7,8.098,35.171,8.9,68.71666666666667
10,60,962.7,8.096,35.196,8.9,68.71666666666667
10,61,987.7,7.906,35.177,8.9,68.71666666666667
10,62,1012.6,7.603,35.134,8.9,68.71666666666667
10,63,1037.6,7.214,35.081,8.9,68.71666666666667
10,64,1062.9,7.042,35.065,8.9,68.71666666666667
10,65,1087.9,6.858,35.05,8.9,68.71666666666667
10,66,1112.7,6.677,35.033,8.9,68.71666666666667
10,67,1137.5,6.538,35.02,8.9,68.71666666666667
10,68,1162.9,6.42,35.013,8.9,68.71666666666667
10,69,1188.3,6.341,35.013,8.9,68.71666666666667
10,70,1213.2,6.23,35.009,8.9,68.71666666666667
10,71,1238.6,6.063,34.996,8.9,68.71666666666667
10,72,1262.7,5.917,34.988,8.9,68.71666666666667
10,73,1287.7,5.68,34.963,8.9,68.71666666666667
10,74,1312.8,5.628,34.964,8.9,68.71666666666667
10,75,1337.7,5.536,34.963,8.9,68.71666666666667
10,76,1362.9,5.404,34.955,8.9,68.71666666666667
10,77,1387.9,5.261,34.944,8.9,68.71666666666667
10,78,1412.8,5.166,34.942,8.9,68.71666666666667
10,79,1437.6,5.107,34.944,8.9,68.71666666666667
10,80,1462.8,4.967,34.933,8.9,68.71666666666667
10,81,1488.0,4.843,34.923,8.9,68.71666666666667
10,82,1512.6,4.701,34.913,8.9,68.71666666666667
10,83,1537.4,4.53,34.897,8.9,68.71666666666667
10,84,1563.5,4.397,34.887,8.9,68.71666666666667
10,85,1588.0,4.285,34.879,8.9,68.71666666666667
10,86,1612.9,4.179,34.872,8.9,68.71666666666667
10,87,1637.8,4.08,34.867,8.9,68.71666666666667
10,88,1662.8,3.995,34.861,8.9,68.71666666666667
10,89,1688.0,3.871,34.852,8.9,68.71666666666667
10,90,1712.8,3.774,34.846,8.9,68.71666666666667
10,91,1737.9,3.691,34.84,8.9,68.71666666666667
10,92,1763.0,3.584,34.833,8.9,68.71666666666667
10,93,1787.8,3.52,34.829,8.9,68.71666666666667
10,94,1812.7,3.462,34.825,8.9,68.71666666666667
10,95,1837.9,3.387,34.82,8.9,68.71666666666667
10,96,1862.8,3.311,34.816,8.9,68.71666666666667
10,97,1887.5,3.253,34.812,8.9,68.71666666666667
10,98,1912.9,3.19,34.808,8.9,68.71666666666667
10,99,1938.2,3.124,34.805,8.9,68.71666666666667
10,100,1963.8,3.059,34.801,8.9,68.71666666666667
10,101,1987.9,2.999,34.797,8.9,68.71666666666667
10,102,2010.3,2.953,34.795,8.9,68.71666666666667
11,0,0.3,29.355,35.818,8.916666666666666,68.55
11,1,1.0,29.357,35.817,8.916666666666666,68.55
11,2,1.8,29.357,35.818,8.916666666666666,68.55
11,3,2.9,29.36,35.819,8.916666666666666,68.55
11,4,3.8,29.362,35.818,8.916666666666666,68.55
11,5,4.9,29.361,35.817,8.916666666666666,68.55
11,6,6.0,29.361,35.817,8.916666666666666,68.55
11,7,7.2,29.361,35.819,8.916666666666666,68.55
11,8,8.0,29.362,35.818,8.916666666666666,68.55
11,9,8.8,29.362,35.818,8.916666666666666,68.55
11,10,9.6,29.361,35.818,8.916666666666666,68.55
11,11,15.0,29.361,35.817,8.916666666666666,68.55
11,12,25.6,29.364,35.817,8.916666666666666,68.55
11,13,35.4,29.366,35.82,8.916666666666666,68.55
11,14,44.9,29.332,35.865,8.916666666666666,68.55
11,15,55.3,29.257,35.88,8.916666666666666,68.55
11,16,66.2,29.146,35.9,8.916666666666666,68.55
11,17,75.2,28.611,35.909,8.916666666666666,68.55
11,18,85.2,27.264,35.888,8.916666666666666,68.55
11,19,95.4,25.988,35.987,8.916666666666666,68.55
11,20,105.6,24.644,35.857,8.916666666666666,68.55
11,21,115.3,23.602,35.752,8.916666666666666,68.55
11,22,125.3,22.264,35.644,8.916666666666666,68.55
11,23,135.3,21.574,35.623,8.916666666666666,68.55
11,24,145.9,20.378,35.555,8.916666666666666,68.55
11,25,155.3,19.436,35.594,8.916666666666666,68.55
11,26,165.3,18.556,35.553,8.916666666666666,68.55
11,27,175.5,17.415,35.459,8.916666666666666,68.55
11,28,185.2,16.407,35.353,8.916666666666666,68.55
11,29,195.3,15.844,35.303,8.916666666666666,68.55
11,30,213.0,15.255,35.295,8.916666666666666,68.55
11,31,237.8,14.491,35.295,8.916666666666666,68.55
11,32,263.0,13.87,35.299,8.916666666666666,68.55
11,33,287.8,13.285,35.286,8.916666666666666,68.55
11,34,312.6,12.743,35.261,8.916666666666666,68.55
11,35,337.6,12.391,35.257,8.916666666666666,68.55
11,36,363.2,12.087,35.259,8.916666666666666,68.55
11,37,387.9,11.825,35.265,8.916666666666666,68.55
11,38,412.5,11.719,35.283,8.916666666666666,68.55
11,39,437.7,11.609,35.289,8.916666666666666,68.55
11,40,462.8,11.593,35.318,8.916666666666666,68.55
11,41,487.9,11.465,35.335,8.916666666666666,68.55
11,42,513.0,11.285,35.337,8.916666666666666,68.55
11,43,537.9,11.182,35.358,8.916666666666666,68.55
11,44,562.5,10.945,35.351,8.916666666666666,68.55
11,45,587.5,10.656,35.317,8.916666666666666,68.55
11,46,613.5,10.232,35.259,8.916666666666666,68.55
11,47,637.7,9.989,35.233,8.916666666666666,68.55
11,48,662.8,9.95,35.26,8.916666666666666,68.55
11,49,687.9,9.827,35.264,8.916666666666666,68.55
11,50,712.8,9.637,35.261,8.916666666666666,68.55
11,51,737.5,9.491,35.26,8.916666666666666,68.55
11,52,762.5,9.363,35.261,8.916666666666666,68.55
11,53,787.4,9.188,35.249,8.916666666666666,68.55
11,54,812.5,8.937,35.222,8.916666666666666,68.55
11,55,837.7,8.678,35.193,8.916666666666666,68.55
11,56,862.7,8.493,35.174,8.916666666666666,68.55
11,57,887.8,8.347,35.17,8.916666666666666,68.55
11,58,912.5,8.148,35.155,8.916666666666666,68.55
11,59,937.6,7.972,35.147,8.916666666666666,68.55
11,60,963.0,8.059,35.188,8.916666666666666,68.55
11,61,988.1,7.874,35.171,8.916666666666666,68.55
11,62,1013.0,7.572,35.129,8.916666666666666,68.55
11,63,1037.9,7.282,35.091,8.916666666666666,68.55
11,64,1062.8,7.044,35.061,8.916666666666666,68.55
11,65,1088.0,6.954,35.058,8.916666666666666,68.55
11,66,1112.8,6.713,35.035,8.916666666666666,68.55
11,67,1137.8,6.537,35.018,8.916666666666666,68.55
11,68,1163.1,6.438,35.017,8.916666666666666,68.55
11,69,1188.1,6.279,35.01,8.916666666666666,68.55
11,70,1213.2,6.091,34.993,8.916666666666666,68.55
11,71,1238.9,5.972,34.987,8.916666666666666,68.55
11,72,1262.8,5.801,34.97,8.916666666666666,68.55
11,73,1287.8,5.689,34.965,8.916666666666666,68.55
11,74,1312.9,5.589,34.965,8.916666666666666,68.55
11,75,1337.8,5.498,34.962,8.916666666666666,68.55
11,76,1362.8,5.375,34.954,8.916666666666666,68.55
11,77,1387.9,5.279,34.95,8.916666666666666,68.55
11,78,1412.8,5.201,34.949,8.916666666666666,68.55
11,79,1437.6,5.092,34.943,8.916666666666666,68.55
11,80,1463.3,4.957,34.933,8.916666666666666,68.55
11,81,1487.7,4.835,34.921,8.916666666666666,68.55
11,82,1513.0,4.74,34.913,8.916666666666666,68.55
11,83,1538.0,4.589,34.9,8.916666666666666,68.55
11,84,1563.0,4.465,34.89,8.916666666666666,68.55
11,85,1588.2,4.38,34.885,8.916666666666666,68.55
11,86,1613.1,4.279,34.878,8.916666666666666,68.55
11,87,1637.8,4.176,34.872,8.916666666666666,68.55
11,88,1662.8,4.094,34.867,8.916666666666666,68.55
11,89,1687.9,3.973,34.858,8.916666666666666,68.55
11,90,1712.5,3.84,34.85,8.916666666666666,68.55
11,91,1737.7,3.723,34.842,8.916666666666666,68.55
11,92,1762.9,3.649,34.837,8.916666666666666,68.55
11,93,1787.6,3.568,34.831,8.916666666666666,68.55
11,94,1812.9,3.496,34.827,8.916666666666666,68.55
11,95,1838.1,3.428,34.823,8.916666666666666,68.55
11,96,1863.0,3.351,34.818,8.916666666666666,68.55
11,97,1888.1,3.28,34.814,8.916666666666666,68.55
11,98,1913.1,3.207,34.809,8.916666666666666,68.55
11,99,1937.8,3.147,34.806,8.916666666666666,68.55
11,100,1962.9,3.09,34.802,8.916666666666666,68.55
11,101,1988.2,3.03,34.799,8.916666666666666,68.55
11,102,2002.2,2.995,34.796,8.916666666666666,68.55
12,0,0.4,29.331,36.023,8.883333333333333,68.43333333333334
12,1,1.0,29.329,36.033,8.883333333333333,68.43333333333334
12,2,1.9,29.337,36.031,8.883333333333333,68.43333333333334
12,3,3.0,29.342,36.029,8.883333333333333,68.43333333333334
12,4,4.0,29.344,36.029,8.883333333333333,68.43333333333334
12,5,4.9,29.345,36.028,8.883333333333333,68.43333333333334
12,6,6.0,29.346,36.028,8.883333333333333,68.43333333333334
12,7,6.8,29.348,36.029,8.883333333333333,68.43333333333334
12,8,7.7,29.346,36.028,8.883333333333333,68.43333333333334
12,9,8.9,29.348,36.028,8.883333333333333,68.43333333333334
12,10,10.1,29.349,36.027,8.883333333333333,68.43333333333334
12,11,15.4,29.347,36.028,8.883333333333333,68.43333333333334
12,12,25.2,29.352,36.029,8.883333333333333,68.43333333333334
12,13,35.7,29.35,36.032,8.883333333333333,68.43333333333334
12,14,45.3,29.236,36.047,8.883333333333333,68.43333333333334
12,15,55.4,28.893,36.15,8.883333333333333,68.43333333333334
12,16,66.1,28.346,36.1,8.883333333333333,68.43333333333334
12,17,75.5,26.929,35.946,8.883333333333333,68.43333333333334
12,18,85.1,25.979,36.043,8.883333333333333,68.43333333333334
12,19,95.8,25.274,36.037,8.883333333333333,68.43333333333334
12,20,105.4,24.25,35.872,8.883333333333333,68.43333333333334
12,21,115.6,22.946,35.754,8.883333333333333,68.43333333333334
12,22,125.8,21.361,35.62,8.883333333333333,68.43333333333334
12,23,135.1,20.465,35.613,8.883333333333333,68.43333333333334
12,24,145.2,19.901,35.656,8.883333333333333,68.43333333333334
12,25,155.5,19.115,35.578,8.883333333333333,68.43333333333334
12,26,165.6,18.393,35.526,8.883333333333333,68.43333333333334
12,27,175.8,17.545,35.444,8.883333333333333,68.43333333333334
12,28,185.7,16.825,35.4,8.883333333333333,68.43333333333334
12,29,195.5,16.041,35.347,8.883333333333333,68.43333333333334
12,30,211.6,15.256,35.296,8.883333333333333,68.43333333333334
12,31,237.7,14.54,35.322,8.883333333333333,68.43333333333334
12,32,262.7,13.774,35.319,8.883333333333333,68.43333333333334
12,33,287.9,13.051,35.274,8.883333333333333,68.43333333333334
12,34,312.7,12.67,35.262,8.883333333333333,68.43333333333334
12,35,337.7,12.45,35.261,8.883333333333333,68.43333333333334
12,36,363.0,12.244,35.26,8.883333333333333,68.43333333333334
12,37,387.8,11.961,35.26,8.883333333333333,68.43333333333334
12,38,413.2,11.794,35.279,8.883333333333333,68.43333333333334
12,39,437.4,11.673,35.302,8.883333333333333,68.43333333333334
12,40,462.4,11.538,35.324,8.883333333333333,68.43333333333334
12,41,487.8,11.38,35.33,8.883333333333333,68.43333333333334
12,42,512.7,11.267,35.334,8.883333333333333,68.43333333333334
12,43,537.9,11.177,35.352,8.883333333333333,68.43333333333334
12,44,563.0,10.834,35.311,8.883333333333333,68.43333333333334
12,45,587.9,10.564,35.282,8.883333333333333,68.43333333333334
12,46,612.8,10.362,35.278,8.883333333333333,68.43333333333334
12,47,637.9,10.211,35.281,8.883333333333333,68.43333333333334
12,48,662.7,10.04,35.283,8.883333333333333,68.43333333333334
12,49,687.8,9.8,35.262,8.883333333333333,68.43333333333334
12,50,713.0,9.576,35.247,8.883333333333333,68.43333333333334
12,51,737.9,9.454,35.248,8.883333333333333,68.43333333333334
12,52,762.9,9.252,35.232,8.883333333333333,68.43333333333334
12,53,787.8,8.96,35.197,8.883333333333333,68.43333333333334
12,54,813.1,8.9,35.215,8.883333333333333,68.43333333333334
12,55,837.8,8.636,35.19,8.883333333333333,68.43333333333334
12,56,862.4,8.386,35.167,8.883333333333333,68.43333333333334
12,57,888.4,8.275,35.169,8.883333333333333,68.43333333333334
12,58,912.8,8.239,35.188,8.883333333333333,68.43333333333334
12,59,937.9,8.05,35.175,8.883333333333333,68.43333333333334
12,60,962.9,7.973,35.176,8.883333333333333,68.43333333333334
12,61,988.2,7.812,35.164,8.883333333333333,68.43333333333334
12,62,1013.3,7.535,35.128,8.883333333333333,68.43333333333334
12,63,1038.0,7.191,35.08,8.883333333333333,68.43333333333334
12,64,1062.9,7.034,35.068,8.883333333333333,68.43333333333334
12,65,1087.9,6.879,35.054,8.883333333333333,68.43333333333334
12,66,1112.7,6.692,35.033,8.883333333333333,68.43333333333334
12,67,1138.1,6.55,35.02,8.883333333333333,68.43333333333334
12,68,1163.2,6.37,35.002,8.883333333333333,68.43333333333334
12,69,1187.8,6.265,34.997,8.883333333333333,68.43333333333334
12,70,1212.8,6.135,34.99,8.883333333333333,68.43333333333334
12,71,1238.7,6.008,34.985,8.883333333333333,68.43333333333334
12,72,1262.7,5.821,34.965,8.883333333333333,68.43333333333334
12,73,1287.4,5.739,34.963,8.883333333333333,68.43333333333334
12,74,1312.4,5.655,34.961,8.883333333333333,68.43333333333334
12,75,1337.9,5.601,34.967,8.883333333333333,68.43333333333334
12,76,1362.9,5.491,34.963,8.883333333333333,68.43333333333334
12,77,1387.9,5.401,34.961,8.883333333333333,68.43333333333334
12,78,1413.1,5.268,34.952,8.883333333333333,68.43333333333334
12,79,1437.8,5.149,34.945,8.883333333333333,68.43333333333334
12,80,1462.9,5.015,34.936,8.883333333333333,68.43333333333334
12,81,1488.2,4.853,34.924,8.883333333333333,68.43333333333334
12,82,1512.5,4.697,34.91,8.883333333333333,68.43333333333334
12,83,1537.8,4.52,34.895,8.883333333333333,68.43333333333334
12,84,1563.0,4.4,34.887,8.883333333333333,68.43333333333334
12,85,1588.1,4.284,34.879,8.883333333333333,68.43333333333334
12,86,1613.1,4.184,34.872,8.883333333333333,68.43333333333334
12,87,1638.0,4.088,34.866,8.883333333333333,68.43333333333334
12,88,1662.8,3.987,34.86,8.883333333333333,68.43333333333334
12,89,1687.8,3.881,34.853,8.883333333333333,68.43333333333334
12,90,1713.2,3.77,34.845,8.883333333333333,68.43333333333334
12,91,1737.8,3.685,34.839,8.883333333333333,68.43333333333334
12,92,1762.8,3.603,34.834,8.883333333333333,68.43333333333334
12,93,1788.0,3.52,34.829,8.883333333333333,68.43333333333334
12,94,1812.7,3.431,34.823,8.883333333333333,68.43333333333334
12,95,1838.6,3.352,34.818,8.883333333333333,68.43333333333334
12,96,1862.9,3.28,34.814,8.883333333333333,68.43333333333334
12,97,1887.9,3.224,34.811,8.883333333333333,68.43333333333334
12,98,1912.6,3.16,34.807,8.883333333333333,68.43333333333334
12,99,1937.5,3.107,34.804,8.883333333333333,68.43333333333334
12,100,1962.7,3.047,34.8,8.883333333333333,68.43333333333334
12,101,1988.8,2.983,34.796,8.883333333333333,68.43333333333334
12,102,2001.3,2.953,34.794,8.883333333333333,68.43333333333334
13,0,0.3,29.235,36.053,9.05,68.26666666666667
13,1,1.0,29.235,36.057,9.05,68.26666666666667
13,2,1.8,29.236,36.058,9.05,68.26666666666667
13,3,2.9,29.236,36.059,9.05,68.26666666666667
13,4,4.2,29.239,36.057,9.05,68.26666666666667
13,5,4.9,29.238,36.058,9.05,68.26666666666667
13,6,5.7,29.239,36.059,9.05,68.26666666666667
13,7,6.6,29.24,36.058,9.05,68.26666666666667
13,8,7.5,29.241,36.057,9.05,68.26666666666667
13,9,8.5,29.241,36.058,9.05,68.26666666666667
13,10,9.9,29.241,36.057,9.05,68.26666666666667
13,11,15.5,29.24,36.058,9.05,68.26666666666667
13,12,25.4,29.24,36.058,9.05,68.26666666666667
13,13,35.1,29.212,36.059,9.05,68.26666666666667
13,14,45.6,29.197,36.062,9.05,68.26666666666667
13,15,55.6,29.179,36.064,9.05,68.26666666666667
13,16,65.1,28.763,36.075,9.05,68.26666666666667
13,17,75.0,27.18,35.995,9.05,68.26666666666667
13,18,85.5,26.452,36.049,9.05,68.26666666666667
13,19,95.6,25.438,36.023,9.05,68.26666666666667
13,20,105.2,23.406,35.776,9.05,68.26666666666667
13,21,115.0,22.444,35.753,9.05,68.26666666666667
13,22,125.0,21.341,35.683,9.05,68.26666666666667
13,23,135.6,19.99,35.548,9.05,68.26666666666667
13,24,145.4,19.357,35.503,9.05,68.26666666666667
13,25,155.4,18.374,35.424,9.05,68.26666666666667
13,26,165.3,17.728,35.389,9.05,68.26666666666667
13,27,175.0,17.304,35.354,9.05,68.26666666666667
13,28,185.2,16.877,35.353,9.05,68.26666666666667
13,29,195.8,16.347,35.339,9.05,68.26666666666667
13,30,213.4,15.318,35.269,9.05,68.26666666666667
13,31,238.1,14.33,35.287,9.05,68.26666666666667
13,32,262.7,13.777,35.314,9.05,68.26666666666667
13,33,287.4,13.249,35.312,9.05,68.26666666666667
13,34,312.9,12.696,35.281,9.05,68.26666666666667
13,35,338.0,12.287,35.261,9.05,68.26666666666667
13,36,362.9,12.078,35.274,9.05,68.26666666666667
13,37,387.7,11.877,35.275,9.05,68.26666666666667
13,38,412.6,11.719,35.29,9.05,68.26666666666667
13,39,437.8,11.592,35.309,9.05,68.26666666666667
13,40,462.5,11.341,35.294,9.05,68.26666666666667
13,41,487.7,11.104,35.268,9.05,68.26666666666667
13,42,512.7,10.878,35.246,9.05,68.26666666666667
13,43,537.8,10.917,35.292,9.05,68.26666666666667
13,44,563.0,10.735,35.295,9.05,68.26666666666667
13,45,588.0,10.446,35.268,9.05,68.26666666666667
13,46,613.1,10.386,35.295,9.05,68.26666666666667
13,47,637.9,10.189,35.286,9.05,68.26666666666667
13,48,663.0,9.945,35.261,9.05,68.26666666666667
13,49,687.7,9.763,35.251,9.05,68.26666666666667
13,50,713.1,9.555,35.234,9.05,68.26666666666667
13,51,737.4,9.435,35.24,9.05,68.26666666666667
13,52,762.7,9.257,35.231,9.05,68.26666666666667
13,53,788.0,8.968,35.195,9.05,68.26666666666667
13,54,813.0,8.768,35.175,9.05,68.26666666666667
13,55,838.1,8.605,35.169,9.05,68.26666666666667
13,56,862.9,8.506,35.173,9.05,68.26666666666667
13,57,888.3,8.321,35.163,9.05,68.26666666666667
13,58,912.7,8.229,35.167,9.05,68.26666666666667
13,59,937.6,8.027,35.148,9.05,68.26666666666667
13,60,962.8,7.823,35.131,9.05,68.26666666666667
13,61,988.1,7.684,35.122,9.05,68.26666666666667
13,62,1013.1,7.598,35.129,9.05,68.26666666666667
13,63,1038.0,7.411,35.111,9.05,68.26666666666667
13,64,1062.9,7.075,35.069,9.05,68.26666666666667
13,65,1087.5,6.909,35.055,9.05,68.26666666666667
13,66,1112.4,6.702,35.034,9.05,68.26666666666667
13,67,1137.8,6.557,35.023,9.05,68.26666666666667
13,68,1162.8,6.436,35.015,9.05,68.26666666666667
13,69,1187.7,6.31,35.006,9.05,68.26666666666667
13,70,1212.9,6.162,34.99,9.05,68.26666666666667
13,71,1238.0,6.025,34.983,9.05,68.26666666666667
13,72,1262.8,5.877,34.971,9.05,68.26666666666667
13,73,1287.5,5.729,34.963,9.05,68.26666666666667
13,74,1313.3,5.648,34.965,9.05,68.26666666666667
13,75,1337.7,5.565,34.966,9.05,68.26666666666667
13,76,1362.5,5.455,34.959,9.05,68.26666666666667
13,77,1387.9,5.301,34.946,9.05,68.26666666666667
13,78,1412.8,5.185,34.94,9.05,68.26666666666667
13,79,1437.5,5.101,34.938,9.05,68.26666666666667
13,80,1462.6,5.014,34.935,9.05,68.26666666666667
13,81,1487.7,4.865,34.926,9.05,68.26666666666667
13,82,1512.7,4.717,34.914,9.05,68.26666666666667
13,83,1537.6,4.555,34.898,9.05,68.26666666666667
13,84,1562.7,4.434,34.889,9.05,68.26666666666667
13,85,1587.7,4.305,34.881,9.05,68.26666666666667
13,86,1612.9,4.204,34.874,9.05,68.26666666666667
13,87,1638.0,4.099,34.868,9.05,68.26666666666667
13,88,1662.8,3.984,34.861,9.05,68.26666666666667
13,89,1687.8,3.904,34.854,9.05,68.26666666666667
13,90,1713.0,3.807,34.848,9.05,68.26666666666667
13,91,1738.0,3.699,34.841,9.05,68.26666666666667
13,92,1762.8,3.604,34.834,9.05,68.26666666666667
13,93,1787.8,3.511,34.828,9.05,68.26666666666667
13,94,1813.0,3.431,34.823,9.05,68.26666666666667
13,95,1838.0,3.355,34.819,9.05,68.26666666666667
13,96,1863.0,3.272,34.814,9.05,68.26666666666667
13,97,1888.1,3.194,34.809,9.05,68.26666666666667
13,98,1912.8,3.119,34.805,9.05,68.26666666666667
13,99,1938.0,3.045,34.801,9.05,68.26666666666667
13,100,1964.8,2.979,34.797,9.05,68.26666666666667
14,0,0.3,28.851,36.039,9.15,67.95
14,1,0.9,28.851,36.039,9.15,67.95
14,2,1.8,28.852,36.038,9.15,67.95
14,3,2.9,28.852,36.038,9.15,67.95
14,4,3.8,28.852,36.038,9.15,67.95
14,5,4.7,28.851,36.039,9.15,67.95
14,6,5.6,28.851,36.039,9.15,67.95
14,7,6.5,28.851,36.039,9.15,67.95
14,8,7.5,28.851,36.039,9.15,67.95
14,9,8.5,28.851,36.039,9.15,67.95
14,10,9.5,28.851,36.039,9.15,67.95
14,11,15.4,28.851,36.038,9.15,67.95
14,12,25.4,28.853,36.038,9.15,67.95
14,13,35.2,28.855,36.039,9.15,67.95
14,14,45.4,28.856,36.042,9.15,67.95
14,15,55.3,28.859,36.046,9.15,67.95
14,16,65.4,28.866,36.067,9.15,67.95
14,17,76.2,28.602,36.135,9.15,67.95
14,18,85.1,27.186,36.013,9.15,67.95
14,19,95.6,25.887,36.055,9.15,67.95
14,20,105.6,24.751,35.927,9.15,67.95
14,21,115.7,23.324,35.773,9.15,67.95
14,22,125.5,22.288,35.698,9.15,67.95
14,23,135.5,21.179,35.63,9.15,67.95
14,24,145.2,19.085,35.353,9.15,67.95
14,25,155.1,17.809,35.186,9.15,67.95
14,26,165.0,17.346,35.171,9.15,67.95
14,27,175.6,16.683,35.157,9.15,67.95
14,28,185.4,15.96,35.145,9.15,67.95
14,29,195.2,15.355,35.152,9.15,67.95
14,30,212.9,14.698,35.168,9.15,67.95
14,31,237.9,13.993,35.171,9.15,67.95
14,32,263.4,13.625,35.217,9.15,67.95
14,33,287.9,13.369,35.289,9.15,67.95
14,34,312.7,12.855,35.283,9.15,67.95
14,35,337.9,12.406,35.266,9.15,67.95
14,36,362.5,12.116,35.251,9.15,67.95
14,37,388.0,11.804,35.244,9.15,67.95
14,38,412.7,11.696,35.262,9.15,67.95
14,39,437.6,11.549,35.266,9.15,67.95
14,40,462.8,11.455,35.293,9.15,67.95
14,41,487.8,11.165,35.262,9.15,67.95
14,42,512.5,10.987,35.279,9.15,67.95
14,43,537.5,10.895,35.302,9.15,67.95
14,44,562.7,10.655,35.285,9.15,67.95
14,45,587.9,10.57,35.309,9.15,67.95
14,46,612.9,10.399,35.308,9.15,67.95
14,47,638.7,10.131,35.284,9.15,67.95
14,48,662.6,9.968,35.273,9.15,67.95
14,49,687.5,9.78,35.255,9.15,67.95
14,50,712.8,9.596,35.238,9.15,67.95
14,51,737.8,9.329,35.21,9.15,67.95
14,52,762.5,9.18,35.21,9.15,67.95
14,53,787.6,8.928,35.191,9.15,67.95
14,54,812.6,8.794,35.196,9.15,67.95
14,55,837.8,8.68,35.194,9.15,67.95
14,56,862.9,8.459,35.171,9.15,67.95
14,57,887.9,8.318,35.168,9.15,67.95
14,58,913.3,8.165,35.161,9.15,67.95
14,59,937.8,7.937,35.141,9.15,67.95
14,60,962.7,7.728,35.123,9.15,67.95
14,61,987.8,7.623,35.128,9.15,67.95
14,62,1012.8,7.505,35.123,9.15,67.95
14,63,1038.1,7.235,35.09,9.15,67.95
14,64,1063.5,7.019,35.067,9.15,67.95
14,65,1087.6,6.827,35.045,9.15,67.95
14,66,1112.8,6.668,35.031,9.15,67.95
14,67,1137.7,6.522,35.018,9.15,67.95
14,68,1163.0,6.338,34.998,9.15,67.95
14,69,1187.8,6.164,34.98,9.15,67.95
14,70,1212.9,6.03,34.972,9.15,67.95
14,71,1238.5,5.921,34.97,9.15,67.95
14,72,1262.5,5.857,34.971,9.15,67.95
14,73,1287.5,5.796,34.968,9.15,67.95
14,74,1312.7,5.689,34.961,9.15,67.95
14,75,1338.2,5.601,34.955,9.15,67.95
14,76,1363.2,5.488,34.947,9.15,67.95
14,77,1388.2,5.491,34.96,9.15,67.95
14,78,1413.1,5.398,34.958,9.15,67.95
14,79,1438.0,5.29,34.952,9.15,67.95
14,80,1462.8,5.191,34.947,9.15,67.95
14,81,1487.7,5.062,34.937,9.15,67.95
14,82,1512.8,4.903,34.926,9.15,67.95
14,83,1537.8,4.76,34.914,9.15,67.95
14,84,1562.8,4.625,34.904,9.15,67.95
14,85,1587.8,4.471,34.894,9.15,67.95
14,86,1612.9,4.356,34.886,9.15,67.95
14,87,1638.2,4.24,34.877,9.15,67.95
14,88,1663.6,4.104,34.867,9.15,67.95
14,89,1687.9,3.978,34.858,9.15,67.95
14,90,1713.1,3.884,34.852,9.15,67.95
14,91,1738.2,3.805,34.848,9.15,67.95
14,92,1762.9,3.717,34.842,9.15,67.95
14,93,1787.4,3.618,34.835,9.15,67.95
14,94,1812.6,3.55,34.832,9.15,67.95
14,95,1837.9,3.486,34.828,9.15,67.95
14,96,1863.0,3.403,34.822,9.15,67.95
14,97,1888.0,3.342,34.818,9.15,67.95
14,98,1912.8,3.27,34.813,9.15,67.95
14,99,1937.8,3.172,34.806,9.15,67.95
14,100,1962.9,3.118,34.804,9.15,67.95
14,101,1987.8,3.04,34.799,9.15,67.95
14,102,2013.1,2.974,34.794,9.15,67.95
14,103,2031.5,2.943,34.794,9.15,67.95
15,0,0.2,28.224,36.371,9.2,67.61666666666666
15,1,0.8,28.225,36.374,9.2,67.61666666666666
15,2,2.1,28.224,36.375,9.2,67.61666666666666
15,3,3.0,28.228,36.375,9.2,67.61666666666666
15,4,3.7,28.231,36.372,9.2,67.61666666666666
15,5,5.0,28.232,36.372,9.2,67.61666666666666
15,6,6.3,28.231,36.373,9.2,67.61666666666666
15,7,7.3,28.23,36.373,9.2,67.61666666666666
15,8,8.3,28.232,36.373,9.2,67.61666666666666
15,9,9.4,28.233,36.372,9.2,67.61666666666666
15,10,14.9,28.232,36.373,9.2,67.61666666666666
15,11,25.7,28.234,36.373,9.2,67.61666666666666
15,12,35.6,28.231,36.371,9.2,67.61666666666666
15,13,45.6,28.23,36.37,9.2,67.61666666666666
15,14,55.6,28.231,36.369,9.2,67.61666666666666
15,15,65.5,28.23,36.369,9.2,67.61666666666666
15,16,75.7,28.219,36.365,9.2,67.61666666666666
15,17,85.8,28.104,36.329,9.2,67.61666666666666
15,18,95.4,27.516,36.219,9.2,67.61666666666666
15,19,105.6,25.932,36.043,9.2,67.61666666666666
15,20,115.4,24.466,35.888,9.2,67.61666666666666
15,21,125.8,22.902,35.767,9.2,67.61666666666666
15,22,135.1,21.672,35.692,9.2,67.61666666666666
15,23,145.0,19.789,35.432,9.2,67.61666666666666
15,24,155.3,18.609,35.295,9.2,67.61666666666666
15,25,165.2,18.058,35.246,9.2,67.61666666666666
15,26,175.0,17.309,35.173,9.2,67.61666666666666
15,27,185.1,16.432,35.156,9.2,67.61666666666666
15,28,195.1,15.626,35.144,9.2,67.61666666666666
15,29,212.2,14.888,35.175,9.2,67.61666666666666
15,30,238.2,14.148,35.224,9.2,67.61666666666666
15,31,263.1,13.432,35.248,9.2,67.61666666666666
15,32,287.4,13.152,35.304,9.2,67.61666666666666
15,33,312.6,12.835,35.295,9.2,67.61666666666666
15,34,337.7,12.462,35.279,9.2,67.61666666666666
15,35,363.1,12.097,35.253,9.2,67.61666666666666
15,36,388.1,11.912,35.257,9.2,67.61666666666666
15,37,413.0,11.64,35.263,9.2,67.61666666666666
15,38,438.6,11.317,35.241,9.2,67.61666666666666
15,39,462.7,11.109,35.242,9.2,67.61666666666666
15,40,488.0,10.971,35.249,9.2,67.61666666666666
15,41,512.7,11.004,35.3,9.2,67.61666666666666
15,42,537.9,10.883,35.302,9.2,67.61666666666666
15,43,562.8,10.754,35.303,9.2,67.61666666666666
15,44,587.4,10.597,35.292,9.2,67.61666666666666
15,45,612.6,10.531,35.311,9.2,67.61666666666666
15,46,638.0,10.416,35.314,9.2,67.61666666666666
15,47,662.7,10.102,35.284,9.2,67.61666666666666
15,48,687.5,9.868,35.262,9.2,67.61666666666666
15,49,713.0,9.652,35.244,9.2,67.61666666666666
15,50,737.9,9.433,35.221,9.2,67.61666666666666
15,51,762.8,9.297,35.224,9.2,67.61666666666666
15,52,787.9,9.043,35.202,9.2,67.61666666666666
15,53,812.6,8.867,35.195,9.2,67.61666666666666
15,54,837.7,8.657,35.18,9.2,67.61666666666666
15,55,862.9,8.538,35.179,9.2,67.61666666666666
15,56,887.8,8.386,35.173,9.2,67.61666666666666
15,57,912.6,8.193,35.162,9.2,67.61666666666666
15,58,937.5,8.065,35.16,9.2,67.61666666666666
15,59,962.7,7.833,35.137,9.2,67.61666666666666
15,60,988.0,7.688,35.133,9.2,67.61666666666666
15,61,1013.3,7.581,35.13,9.2,67.61666666666666
15,62,1037.9,7.45,35.115,9.2,67.61666666666666
15,63,1062.7,7.201,35.085,9.2,67.61666666666666
15,64,1087.7,6.893,35.047,9.2,67.61666666666666
15,65,1112.7,6.583,35.012,9.2,67.61666666666666
15,66,1138.1,6.395,34.998,9.2,67.61666666666666
15,67,1162.6,6.272,34.991,9.2,67.61666666666666
15,68,1187.7,6.169,34.985,9.2,67.61666666666666
15,69,1213.1,6.084,34.982,9.2,67.61666666666666
15,70,1238.3,6.031,34.988,9.2,67.61666666666666
15,71,1263.3,5.943,34.985,9.2,67.61666666666666
15,72,1287.9,5.849,34.982,9.2,67.61666666666666
15,73,1312.8,5.745,34.978,9.2,67.61666666666666
15,74,1337.8,5.621,34.973,9.2,67.61666666666666
15,75,1362.8,5.491,34.966,9.2,67.61666666666666
15,76,1388.6,5.383,34.961,9.2,67.61666666666666
15,77,1412.5,5.268,34.954,9.2,67.61666666666666
15,78,1437.7,5.151,34.946,9.2,67.61666666666666
15,79,1462.7,5.021,34.935,9.2,67.61666666666666
15,80,1487.6,4.921,34.929,9.2,67.61666666666666
15,81,1512.7,4.777,34.917,9.2,67.61666666666666
15,82,1537.8,4.666,34.909,9.2,67.61666666666666
15,83,1562.9,4.557,34.901,9.2,67.61666666666666
15,84,1587.7,4.443,34.893,9.2,67.61666666666666
15,85,1612.8,4.335,34.883,9.2,67.61666666666666
15,86,1637.9,4.24,34.877,9.2,67.61666666666666
15,87,1662.8,4.142,34.869,9.2,67.61666666666666
15,88,1687.5,4.039,34.862,9.2,67.61666666666666
15,89,1712.8,3.937,34.856,9.2,67.61666666666666
15,90,1738.2,3.829,34.849,9.2,67.61666666666666
15,91,1763.1,3.732,34.843,9.2,67.61666666666666
15,92,1787.8,3.612,34.835,9.2,67.61666666666666
15,93,1812.6,3.524,34.829,9.2,67.61666666666666
15,94,1837.6,3.439,34.823,9.2,67.61666666666666
15,95,1862.8,3.359,34.818,9.2,67.61666666666666
15,96,1887.8,3.288,34.813,9.2,67.61666666666666
15,97,1912.7,3.214,34.809,9.2,67.61666666666666
15,98,1937.7,3.154,34.805,9.2,67.61666666666666
15,99,1963.0,3.091,34.802,9.2,67.61666666666666
15,100,1988.4,3.045,34.8,9.2,67.61666666666666
16,0,0.0,28.565,36.006,9.133333333333333,67.36666666666666
16,1,0.8,28.57,36.003,9.133333333333333,67.36666666666666
16,2,1.9,28.578,35.999,9.133333333333333,67.36666666666666
16,3,2.8,28.578,36.0,9.133333333333333,67.36666666666666
16,4,3.8,28.58,35.999,9.133333333333333,67.36666666666666
16,5,4.8,28.576,35.999,9.133333333333333,67.36666666666666
16,6,5.9,28.583,36.0,9.133333333333333,67.36666666666666
16,7,6.9,28.582,36.0,9.133333333333333,67.36666666666666
16,8,8.0,28.583,35.999,9.133333333333333,67.36666666666666
16,9,9.1,28.581,36.0,9.133333333333333,67.36666666666666
16,10,10.2,28.579,36.0,9.133333333333333,67.36666666666666
16,11,15.5,28.58,36.0,9.133333333333333,67.36666666666666
16,12,25.0,28.584,36.003,9.133333333333333,67.36666666666666
16,13,35.2,28.578,36.009,9.133333333333333,67.36666666666666
16,14,45.2,28.461,36.03,9.133333333333333,67.36666666666666
16,15,55.3,28.217,36.184,9.133333333333333,67.36666666666666
16,16,65.6,28.289,36.29,9.133333333333333,67.36666666666666
16,17,75.4,28.196,36.29,9.133333333333333,67.36666666666666
16,18,85.2,28.16,36.293,9.133333333333333,67.36666666666666
16,19,96.0,27.852,36.285,9.133333333333333,67.36666666666666
16,20,105.5,26.469,36.093,9.133333333333333,67.36666666666666
16,21,115.4,24.321,35.801,9.133333333333333,67.36666666666666
16,22,125.4,22.299,35.641,9.133333333333333,67.36666666666666
16,23,135.3,21.16,35.619,9.133333333333333,67.36666666666666
16,24,144.8,19.519,35.435,9.133333333333333,67.36666666666666
16,25,155.4,17.96,35.264,9.133333333333333,67.36666666666666
16,26,165.7,17.188,35.174,9.133333333333333,67.36666666666666
16,27,175.6,16.745,35.16,9.133333333333333,67.36666666666666
16,28,185.5,16.18,35.153,9.133333333333333,67.36666666666666
16,29,195.4,15.713,35.153,9.133333333333333,67.36666666666666
16,30,212.7,15.077,35.179,9.133333333333333,67.36666666666666
16,31,237.6,14.017,35.215,9.133333333333333,67.36666666666666
16,32,262.2,13.689,35.302,9.133333333333333,67.36666666666666
16,33,287.8,13.331,35.311,9.133333333333333,67.36666666666666
16,34,313.2,12.786,35.279,9.133333333333333,67.36666666666666
16,35,338.5,12.333,35.255,9.133333333333333,67.36666666666666
16,36,362.6,12.129,35.259,9.133333333333333,67.36666666666666
16,37,387.5,11.984,35.279,9.133333333333333,67.36666666666666
16,38,413.0,11.827,35.286,9.133333333333333,67.36666666666666
16,39,438.1,11.64,35.279,9.133333333333333,67.36666666666666
16,40,462.8,11.442,35.286,9.133333333333333,67.36666666666666
16,41,487.9,11.216,35.285,9.133333333333333,67.36666666666666
16,42,512.9,11.028,35.271,9.133333333333333,67.36666666666666
16,43,538.1,10.867,35.268,9.133333333333333,67.36666666666666
16,44,563.2,10.792,35.285,9.133333333333333,67.36666666666666
16,45,587.7,10.66,35.291,9.133333333333333,67.36666666666666
16,46,612.7,10.565,35.309,9.133333333333333,67.36666666666666
16,47,638.0,10.412,35.316,9.133333333333333,67.36666666666666
16,48,663.3,10.187,35.304,9.133333333333333,67.36666666666666
16,49,688.0,9.968,35.285,9.133333333333333,67.36666666666666
16,50,712.6,9.689,35.254,9.133333333333333,67.36666666666666
16,51,738.3,9.484,35.243,9.133333333333333,67.36666666666666
16,52,763.0,9.237,35.225,9.133333333333333,67.36666666666666
16,53,788.2,8.973,35.199,9.133333333333333,67.36666666666666
16,54,813.0,8.734,35.189,9.133333333333333,67.36666666666666
16,55,837.6,8.619,35.19,9.133333333333333,67.36666666666666
16,56,862.6,8.379,35.167,9.133333333333333,67.36666666666666
16,57,887.6,8.224,35.159,9.133333333333333,67.36666666666666
16,58,912.7,8.039,35.146,9.133333333333333,67.36666666666666
16,59,937.8,7.875,35.134,9.133333333333333,67.36666666666666
16,60,962.7,7.773,35.128,9.133333333333333,67.36666666666666
16,61,987.6,7.58,35.107,9.133333333333333,67.36666666666666
16,62,1012.9,7.474,35.11,9.133333333333333,67.36666666666666
16,63,1037.7,7.261,35.09,9.133333333333333,67.36666666666666
16,64,1062.9,7.029,35.065,9.133333333333333,67.36666666666666
16,65,1088.2,6.701,35.023,9.133333333333333,67.36666666666666
16,66,1113.0,6.597,35.018,9.133333333333333,67.36666666666666
16,67,1138.0,6.466,35.013,9.133333333333333,67.36666666666666
16,68,1162.8,6.306,34.998,9.133333333333333,67.36666666666666
16,69,1187.6,6.185,34.987,9.133333333333333,67.36666666666666
16,70,1212.7,6.111,34.988,9.133333333333333,67.36666666666666
16,71,1237.9,6.042,34.992,9.133333333333333,67.36666666666666
16,72,1263.2,5.912,34.983,9.133333333333333,67.36666666666666
16,73,1288.4,5.81,34.978,9.133333333333333,67.36666666666666
16,74,1312.9,5.723,34.977,9.133333333333333,67.36666666666666
16,75,1337.9,5.616,34.972,9.133333333333333,67.36666666666666
16,76,1363.1,5.52,34.968,9.133333333333333,67.36666666666666
16,77,1388.2,5.408,34.961,9.133333333333333,67.36666666666666
16,78,1412.9,5.286,34.954,9.133333333333333,67.36666666666666
16,79,1437.7,5.163,34.946,9.133333333333333,67.36666666666666
16,80,1462.9,5.025,34.935,9.133333333333333,67.36666666666666
16,81,1488.0,4.922,34.929,9.133333333333333,67.36666666666666
16,82,1512.8,4.789,34.919,9.133333333333333,67.36666666666666
16,83,1538.2,4.649,34.908,9.133333333333333,67.36666666666666
16,84,1562.7,4.539,34.899,9.133333333333333,67.36666666666666
16,85,1588.0,4.388,34.887,9.133333333333333,67.36666666666666
16,86,1612.8,4.286,34.879,9.133333333333333,67.36666666666666
16,87,1637.8,4.198,34.873,9.133333333333333,67.36666666666666
16,88,1662.8,4.107,34.867,9.133333333333333,67.36666666666666
16,89,1687.9,3.992,34.859,9.133333333333333,67.36666666666666
16,90,1712.9,3.882,34.852,9.133333333333333,67.36666666666666
16,91,1738.0,3.789,34.846,9.133333333333333,67.36666666666666
16,92,1763.0,3.706,34.84,9.133333333333333,67.36666666666666
16,93,1788.0,3.614,34.833,9.133333333333333,67.36666666666666
16,94,1812.8,3.525,34.828,9.133333333333333,67.36666666666666
16,95,1837.8,3.468,34.824,9.133333333333333,67.36666666666666
16,96,1862.9,3.398,34.82,9.133333333333333,67.36666666666666
16,97,1888.0,3.338,34.818,9.133333333333333,67.36666666666666
16,98,1913.3,3.279,34.815,9.133333333333333,67.36666666666666
16,99,1937.8,3.224,34.812,9.133333333333333,67.36666666666666
16,100,1963.1,3.14,34.807,9.133333333333333,67.36666666666666
16,101,1988.6,3.063,34.802,9.133333333333333,67.36666666666666
17,0,0.3,28.845,36.505,8.93822,67.04986
17,1,1.0,28.846,36.504,8.93822,67.04986
17,2,2.0,28.84,36.501,8.93822,67.04986
17,3,3.1,28.844,36.486,8.93822,67.04986
17,4,3.8,28.831,36.493,8.93822,67.04986
17,5,4.9,28.82,36.508,8.93822,67.04986
17,6,6.0,28.789,36.511,8.93822,67.04986
17,7,6.8,28.714,36.513,8.93822,67.04986
17,8,8.0,28.654,36.508,8.93822,67.04986
17,9,9.2,28.629,36.508,8.93822,67.04986
17,10,10.1,28.621,36.506,8.93822,67.04986
17,11,15.2,28.588,36.506,8.93822,67.04986
17,12,25.2,28.441,36.498,8.93822,67.04986
17,13,35.6,28.306,36.493,8.93822,67.04986
17,14,45.7,28.25,36.492,8.93822,67.04986
17,15,55.7,28.226,36.49,8.93822,67.04986
17,16,65.5,28.178,36.491,8.93822,67.04986
17,17,75.1,28.009,36.48,8.93822,67.04986
17,18,84.9,27.907,36.468,8.93822,67.04986
17,19,95.3,27.79,36.444,8.93822,67.04986
17,20,105.2,25.683,36.145,8.93822,67.04986
17,21,115.2,22.733,35.82,8.93822,67.04986
17,22,125.2,21.294,35.674,8.93822,67.04986
17,23,135.3,20.561,35.653,8.93822,67.04986
17,24,145.6,19.255,35.517,8.93822,67.04986
17,25,155.8,17.914,35.331,8.93822,67.04986
17,26,165.5,16.843,35.188,8.93822,67.04986
17,27,175.0,16.07,35.17,8.93822,67.04986
17,28,185.4,15.545,35.188,8.93822,67.04986
17,29,195.6,15.087,35.19,8.93822,67.04986
17,30,212.7,14.401,35.182,8.93822,67.04986
17,31,238.0,13.985,35.221,8.93822,67.04986
17,32,263.3,13.739,35.277,8.93822,67.04986
17,33,288.3,13.186,35.304,8.93822,67.04986
17,34,312.8,12.664,35.271,8.93822,67.04986
17,35,337.7,12.239,35.247,8.93822,67.04986
17,36,362.5,12.049,35.259,8.93822,67.04986
17,37,387.5,11.912,35.279,8.93822,67.04986
17,38,412.9,11.751,35.29,8.93822,67.04986
17,39,438.0,11.458,35.268,8.93822,67.04986
17,40,463.1,11.293,35.268,8.93822,67.04986
17,41,488.0,11.084,35.268,8.93822,67.04986
17,42,512.9,10.899,35.273,8.93822,67.04986
17,43,537.8,10.799,35.286,8.93822,67.04986
17,44,562.9,10.672,35.286,8.93822,67.04986
17,45,588.1,10.558,35.301,8.93822,67.04986
17,46,613.6,10.412,35.303,8.93822,67.04986
17,47,637.8,10.253,35.306,8.93822,67.04986
17,48,663.1,10.084,35.304,8.93822,67.04986
17,49,687.7,9.843,35.278,8.93822,67.04986
17,50,712.5,9.64,35.262,8.93822,67.04986
17,51,737.8,9.387,35.248,8.93822,67.04986
17,52,762.7,9.192,35.24,8.93822,67.04986
17,53,787.8,8.856,35.198,8.93822,67.04986
17,54,812.8,8.668,35.186,8.93822,67.04986
17,55,837.6,8.467,35.175,8.93822,67.04986
17,56,863.6,8.265,35.166,8.93822,67.04986
17,57,887.8,8.065,35.15,8.93822,67.04986
17,58,912.6,7.931,35.143,8.93822,67.04986
17,59,937.6,7.726,35.12,8.93822,67.04986
17,60,962.7,7.562,35.106,8.93822,67.04986
17,61,988.0,7.429,35.108,8.93822,67.04986
17,62,1012.8,7.202,35.085,8.93822,67.04986
17,63,1037.7,7.028,35.066,8.93822,67.04986
17,64,1063.1,6.873,35.049,8.93822,67.04986
17,65,1088.1,6.73,35.034,8.93822,67.04986
17,66,1112.9,6.565,35.016,8.93822,67.04986
17,67,1137.8,6.416,35.001,8.93822,67.04986
17,68,1163.0,6.215,34.985,8.93822,67.04986
17,69,1188.1,6.107,34.982,8.93822,67.04986
17,70,1212.8,6.08,34.992,8.93822,67.04986
17,71,1237.5,5.972,34.986,8.93822,67.04986
18,0,0.3,28.204,36.496,8.816666666666666,66.83333333333333
18,1,0.9,28.209,36.483,8.816666666666666,66.83333333333333
18,2,2.0,28.198,36.49,8.816666666666666,66.83333333333333
18,3,3.2,28.194,36.49,8.816666666666666,66.83333333333333
18,4,4.1,28.189,36.494,8.816666666666666,66.83333333333333
18,5,4.9,28.178,36.499,8.816666666666666,66.83333333333333
18,6,5.8,28.177,36.497,8.816666666666666,66.83333333333333
18,7,6.6,28.178,36.498,8.816666666666666,66.83333333333333
18,8,7.9,28.15,36.501,8.816666666666666,66.83333333333333
18,9,9.4,28.124,36.499,8.816666666666666,66.83333333333333
18,10,10.4,28.123,36.497,8.816666666666666,66.83333333333333
18,11,15.4,28.063,36.498,8.816666666666666,66.83333333333333
18,12,25.1,28.024,36.498,8.816666666666666,66.83333333333333
18,13,35.0,28.011,36.498,8.816666666666666,66.83333333333333
18,14,45.0,27.979,36.498,8.816666666666666,66.83333333333333
18,15,55.2,27.833,36.497,8.816666666666666,66.83333333333333
18,16,65.7,27.675,36.467,8.816666666666666,66.83333333333333
18,17,75.8,27.37,36.419,8.816666666666666,66.83333333333333
18,18,85.8,27.259,36.403,8.816666666666666,66.83333333333333
18,19,95.7,26.61,36.316,8.816666666666666,66.83333333333333
18,20,105.3,24.457,36.024,8.816666666666666,66.83333333333333
18,21,115.6,22.706,35.8,8.816666666666666,66.83333333333333
18,22,125.2,21.536,35.691,8.816666666666666,66.83333333333333
18,23,135.3,20.097,35.588,8.816666666666666,66.83333333333333
18,24,145.1,19.093,35.515,8.816666666666666,66.83333333333333
18,25,155.4,18.261,35.456,8.816666666666666,66.83333333333333
18,26,165.3,17.486,35.403,8.816666666666666,66.83333333333333
18,27,175.2,16.865,35.394,8.816666666666666,66.83333333333333
18,28,185.3,16.275,35.384,8.816666666666666,66.83333333333333
18,29,195.6,15.819,35.361,8.816666666666666,66.83333333333333
18,30,212.5,15.257,35.352,8.816666666666666,66.83333333333333
18,31,238.1,14.451,35.325,8.816666666666666,66.83333333333333
18,32,263.1,13.719,35.311,8.816666666666666,66.83333333333333
18,33,288.0,13.055,35.3,8.816666666666666,66.83333333333333
18,34,312.6,12.49,35.268,8.816666666666666,66.83333333333333
18,35,338.0,12.085,35.263,8.816666666666666,66.83333333333333
18,36,362.9,11.887,35.28,8.816666666666666,66.83333333333333
18,37,388.1,11.739,35.291,8.816666666666666,66.83333333333333
18,38,413.1,11.443,35.269,8.816666666666666,66.83333333333333
18,39,438.1,11.258,35.272,8.816666666666666,66.83333333333333
18,40,462.9,11.117,35.275,8.816666666666666,66.83333333333333
18,41,487.3,10.942,35.275,8.816666666666666,66.83333333333333
18,42,512.9,10.845,35.291,8.816666666666666,66.83333333333333
18,43,538.0,10.717,35.299,8.816666666666666,66.83333333333333
18,44,562.8,10.603,35.308,8.816666666666666,66.83333333333333
18,45,587.9,10.402,35.303,8.816666666666666,66.83333333333333
18,46,612.8,10.266,35.298,8.816666666666666,66.83333333333333
18,47,637.8,10.185,35.308,8.816666666666666,66.83333333333333
18,48,662.7,10.042,35.3,8.816666666666666,66.83333333333333
18,49,687.8,9.823,35.28,8.816666666666666,66.83333333333333
18,50,713.2,9.673,35.27,8.816666666666666,66.83333333333333
18,51,738.1,9.481,35.259,8.816666666666666,66.83333333333333
18,52,762.8,9.234,35.24,8.816666666666666,66.83333333333333
18,53,787.7,8.918,35.212,8.816666666666666,66.83333333333333
18,54,812.7,8.646,35.191,8.816666666666666,66.83333333333333
18,55,838.6,8.371,35.171,8.816666666666666,66.83333333333333
18,56,862.8,8.138,35.153,8.816666666666666,66.83333333333333
18,57,887.6,7.989,35.148,8.816666666666666,66.83333333333333
18,58,912.5,7.803,35.126,8.816666666666666,66.83333333333333
18,59,937.7,7.651,35.109,8.816666666666666,66.83333333333333
18,60,963.1,7.58,35.115,8.816666666666666,66.83333333333333
18,61,988.1,7.451,35.109,8.816666666666666,66.83333333333333
18,62,1013.1,7.276,35.092,8.816666666666666,66.83333333333333
18,63,1037.8,7.034,35.063,8.816666666666666,66.83333333333333
18,64,1062.6,6.761,35.033,8.816666666666666,66.83333333333333
18,65,1088.2,6.531,35.009,8.816666666666666,66.83333333333333
18,66,1112.5,6.387,34.997,8.816666666666666,66.83333333333333
18,67,1137.7,6.264,34.988,8.816666666666666,66.83333333333333
18,68,1162.6,6.167,34.983,8.816666666666666,66.83333333333333
18,69,1187.6,6.085,34.979,8.816666666666666,66.83333333333333
18,70,1213.1,5.999,34.975,8.816666666666666,66.83333333333333
18,71,1238.3,5.879,34.97,8.816666666666666,66.83333333333333
18,72,1262.9,5.819,34.974,8.816666666666666,66.83333333333333
18,73,1287.9,5.779,34.976,8.816666666666666,66.83333333333333
18,74,1312.9,5.689,34.969,8.816666666666666,66.83333333333333
18,75,1337.8,5.634,34.971,8.816666666666666,66.83333333333333
18,76,1363.0,5.501,34.962,8.816666666666666,66.83333333333333
18,77,1387.9,5.336,34.949,8.816666666666666,66.83333333333333
18,78,1413.2,5.243,34.946,8.816666666666666,66.83333333333333
18,79,1438.0,5.112,34.939,8.816666666666666,66.83333333333333
18,80,1462.8,4.991,34.933,8.816666666666666,66.83333333333333
18,81,1487.9,4.85,34.923,8.816666666666666,66.83333333333333
18,82,1513.1,4.694,34.911,8.816666666666666,66.83333333333333
18,83,1537.6,4.574,34.903,8.816666666666666,66.83333333333333
18,84,1562.5,4.403,34.89,8.816666666666666,66.83333333333333
18,85,1587.4,4.276,34.881,8.816666666666666,66.83333333333333
18,86,1612.3,4.158,34.871,8.816666666666666,66.83333333333333
18,87,1638.2,4.062,34.865,8.816666666666666,66.83333333333333
18,88,1662.9,3.995,34.861,8.816666666666666,66.83333333333333
18,89,1687.6,3.912,34.855,8.816666666666666,66.83333333333333
18,90,1712.6,3.834,34.849,8.816666666666666,66.83333333333333
18,91,1737.8,3.773,34.846,8.816666666666666,66.83333333333333
18,92,1763.0,3.71,34.841,8.816666666666666,66.83333333333333
18,93,1787.8,3.618,34.835,8.816666666666666,66.83333333333333
18,94,1812.7,3.534,34.83,8.816666666666666,66.83333333333333
18,95,1837.8,3.457,34.825,8.816666666666666,66.83333333333333
18,96,1863.1,3.391,34.82,8.816666666666666,66.83333333333333
18,97,1887.9,3.323,34.816,8.816666666666666,66.83333333333333
18,98,1912.7,3.221,34.809,8.816666666666666,66.83333333333333
18,99,1937.9,3.142,34.804,8.816666666666666,66.83333333333333
18,100,1963.0,3.059,34.799,8.816666666666666,66.83333333333333
18,101,1991.3,2.979,34.794,8.816666666666666,66.83333333333333
